"","value.var"
"O57561",-0.0174509830229638
"A0A1S3PXN0",0.0174333482866174
"A0A1S3RBM8",-0.017372365644279
"B5X317",-0.0172672963274536
"A0A1S3PYU1",-0.01722792639514
"A0A1S3P391",-0.0172180376521833
"A0A1S3NPR2",-0.0171916650844833
"A0A1S3Q941",-0.0171828624248195
"A0A1S3L0K5",-0.0171681095816898
"A0A1S3L0C2",-0.0171671828326612
"A0A1S3RJ17",-0.0171611870150235
"A0A1S3SS37",-0.017160199309986
"B5X3E4",-0.0171366067187057
"B5X6D3",-0.0171257340525519
"B5DFU6",-0.0171079574191512
"A8QKW3",-0.0171040568970761
"A0A1S3LCS5",-0.0171027821478721
"A0A1S3LY77",-0.0170909255428082
"A0A1S3RV69",-0.0170897438812029
"B5XDI8",-0.0170740179762451
"A0A1S3RKU6",-0.0170613600362149
"A0A1S3RGW1",-0.0170594637657548
"A0A1S3NSE0",-0.0170440625520331
"A0A1S3L9D5",-0.0170431125647456
"A0A1S3L0M8",-0.0170343871109176
"A0A1S3MWA1",-0.0170116165025076
"A0A1S3LME3",-0.0170032836881232
"A0A1S3Q342",-0.0169999161720667
"A0A1S3T1D0",-0.0169997811214611
"A0A1S3R5B2",-0.0169979402247128
"A0A1S3T378",-0.0169922702405111
"B5X1R3",-0.0169898070672475
"B5XEX2",-0.0169850039108913
"A0A1S3SML1",-0.0169782545224537
"A0A1S3N2Z0",-0.016973743535785
"A0A1S3PWS4",-0.0169576105938307
"B5XF68",-0.0169559690326133
"A0A1S3R7U5",-0.0169437300007629
"A0A1S3RJI9",-0.0169291177106968
"A0A1S3PED2",-0.0169287945212622
"B5XF34",-0.0169245818681679
"A0A1S3RW38",-0.0169156101905377
"A0A1S3KS43",-0.0169126473493798
"A0A1S3PSM1",-0.0169099224393873
"B9EMI7",-0.016905292037669
"A0A1S3L478",-0.016903336475696
"A0A1S3PLB7",-0.0169021443175069
"A0A1S3MQY2",-0.0169015763167591
"A0A1S3RAH8",-0.016896452576825
"A0A1S3NKF7",-0.0168959884906967
"C0H808",-0.0168946714420977
"A0A1S3NG57",-0.0168936653968279
"A0A1S3LD58",-0.0168926089925922
"A0A1S3LIR1",-0.0168873419008956
"A0A1S3KSG1",-0.016886253749464
"A0A1S3N8J6",-0.0168857429988793
"A0A1S3SCN1",-0.0168852289023151
"B5DGA8",-0.0168823340318333
"B5X3Q6",-0.0168819311141533
"A0A1S3LQE4",-0.0168781135965424
"A0A1S3NDF1",-0.0168779810885748
"A0A1S3KJD2",-0.0168767262205061
"A0A1S3MAH6",-0.0168754916591788
"A0A1S3L755",-0.0168742138180843
"A0A1S3QNH0",0.0168741071673035
"A0A1S3KMI9",-0.0168715111018671
"A0A1S3NJV5",-0.0168653602233776
"B5DG67",-0.0168635223092798
"A0A1S3LQ97",-0.0168617903972999
"M4V3H0",-0.0168609960427962
"B5DGK7",-0.016860718605959
"B5DG94",-0.0168605590771671
"A0A1S3KIY4",-0.0168555392344512
"A0A1S3MNT5",-0.0168487127777795
"B5DG02",-0.0168457833236419
"Q9DF27",-0.0168447395237247
"A0A1S3NPL9",-0.0168444907648316
"B5X919",-0.0168443376702768
"A0A1S3NCH7",-0.0168419428369492
"A0A1S3KJP7",-0.0168379325594341
"A0A1S3QQA2",-0.0168369423467936
"B5X748",-0.0168363224311295
"B5X3H7",-0.0168326249803638
"A0A1S3RFT4",-0.0168303003568634
"B5X456",-0.0168301264300021
"A0A1S3NDX3",-0.0168259152688536
"B5XA15",-0.0168253334410535
"B5XFP8",-0.016821794456914
"A0A1S3PZR7",-0.0168209982118147
"B5DGB6",-0.0168179921460672
"A0A1S3N308",-0.0168170328996692
"A0A1S3RRY0",-0.0168165816847047
"A0A1S3PXL8",0.016816121292893
"A0A1S3M896",-0.0168158358381291
"B5X0S5",-0.0168148782508042
"B5XEE6",-0.0168113274221821
"B5X0W4",-0.0168079647129658
"A0A1S3Q6N5",-0.0168057184316444
"A0A1S3RCE4",-0.0168048368689026
"A0A1S3P7C5",-0.0168033067395102
"A0A1S3M2F7",-0.0168027085702513
"A0A1S3NWB8",-0.0168026826581463
"B5X6U7",-0.0168016538175803
"A0A1S3R8Q4",-0.016798325338434
"A0A1S3R385",-0.0167982388209635
"B9EPY4",-0.0167958729210672
"A0A1S3LQ00",-0.0167943378745724
"B5DH01",-0.0167897866322786
"A0A1S3T0M4",-0.0167874356615426
"A0A1S3N9H9",-0.016786360527434
"A0A1S3LT62",-0.016783673556718
"B5XB15",-0.0167830509354286
"A0A1S3LM61",-0.0167814014813503
"B5X8P9",-0.0167798067031496
"A0A1S3KY17",-0.0167794875211995
"B5X300",-0.0167774839881484
"B9EN22",-0.0167753474825659
"A0A1S3P866",-0.0167740484940382
"C0HA51",0.0167720750561779
"A0A1S3STJ7",-0.0167712305223618
"A0A1S3RS58",-0.0167650876828162
"A0A1S3RFL6",0.0167611841698034
"B5X944",-0.0167557785488052
"B5DGW4",-0.0167532069900792
"A0A1S3SBE2",-0.0167518513629394
"A0A1S3LPV5",-0.0167505954771576
"B5XGE7",-0.0167453183640049
"A0A1S3RAF8",-0.0167435446213073
"A0A1S3LLE3",0.0167424611865701
"A0A1S3NHX5",-0.0167421678444901
"A0A1S3PBC6",-0.0167417724120544
"A0A1S3PW89",-0.0167392057492891
"Q9W6K6",-0.0167390496806028
"A0A1S3PHL6",-0.0167364497516395
"A0A1S3KL75",-0.0167336063316274
"A0A1S3RZM0",-0.016729124686095
"A0A1S3L4W8",-0.0167249076063987
"A0A1S3P920",-0.0167226390659923
"A0A1S3N8L4",-0.0167208441254004
"B5X8E1",-0.0167152369530583
"B5DFX3",-0.0167146999541367
"A0A1S3M532",-0.0167145798450257
"A0A1S3NZX7",-0.016714557534992
"B5X2M6",-0.0167145414905782
"B9EPI0",-0.0167140071416164
"B5XG79",-0.0167134532938677
"A0A1S3R5P7",-0.0167131543204666
"A0A1S3KN82",-0.0167128087353933
"C0HA22",-0.0167116723031447
"B5RI51",-0.0167110249176827
"A0A1S3PDD8",0.0167090871754642
"B5X3D5",-0.0167084507909491
"A0A1S3S5L7",-0.0167080866902484
"A0A1S3M7Q8",-0.0167051995278757
"B5DGY8",-0.0167045387293874
"B5X8M1",-0.0167043308451898
"A0A1S3KY33",-0.0167034013559208
"A0A1S3P0W9",-0.0167012541309867
"A0A1S3MWC9",-0.0166974144773202
"A0A1S3PHK1",0.0166972047282007
"A0A1S3Q4E7",-0.0166967760185973
"A0A1S3N6V8",-0.0166950885061647
"C0H8K5",-0.0166857422139322
"B5X5X0",-0.0166850508737513
"B5X2J7",-0.0166841668165623
"A0A1S3MQP8",-0.016683696510149
"A0A1S3NEH1",-0.0166834308020913
"A0A1S3PH67",-0.016682648024445
"A0A1S3MD70",-0.0166767264653228
"C0HBD9",-0.0166753349418445
"A0A1S3R7P9",-0.0166744910144703
"A0A1S3M6H3",-0.0166728956389901
"C0H7M7",-0.0166712959668889
"B5X7J4",-0.0166677299972368
"B5X363",-0.01666556553134
"B5DG97",-0.0166634998718
"A0A1S3RUQ1",-0.0166603236678651
"A0A1S3M2L2",-0.0166597631968041
"B5X2R0",-0.01665960334276
"A0A1S3PTK9",-0.0166589293543651
"A0A1S3PH10",-0.0166585505779991
"A0A1S3MBI7",-0.0166582625164829
"B5DGY3",-0.0166574654657237
"B5DGX5",-0.0166566593787049
"B5X1K6",-0.0166499054567242
"A0A1S3RBL9",-0.0166493529064811
"A0A1S3MDZ0",0.0166485599604867
"A0A1S3NBL9",-0.0166485598692726
"A0A1S3N8B1",-0.016648206213219
"B5XDR0",-0.0166468088293912
"A0A1S3N0V8",-0.0166454897439196
"B5X1W2",-0.0166453917559658
"B5XB51",-0.0166447316789255
"A0A1S3SKU9",-0.0166435944241148
"A0A1S3NPA5",-0.0166384023335207
"A0A1S3RCZ0",-0.0166365426538854
"B5XEA8",-0.0166355950567064
"A0A1S3QD58",-0.0166354660965393
"A0A1S3M916",-0.0166271384736718
"C0H9G0",-0.0166268775045843
"B5X2X8",0.0166268042914076
"A0A1S3MDF3",-0.0166261482572637
"A0A1S3L3U6",-0.0166250485261745
"A0A1S3RYT3",-0.016621363406387
"A0A1S3RQL9",-0.0166191196631653
"A0A1S3KTE9",-0.0166120460630903
"A0A1S3QG57",-0.0166082844158455
"A0A1S3NYN7",-0.0166081376171835
"A0A1S3NHN7",-0.0166047940011838
"B5XC74",-0.0166002980038924
"A0A1S3NDV8",-0.0165974907983697
"A0A1S3T5R0",-0.0165968570836534
"A0A1S3N6B7",-0.0165966056107241
"B5X6E1",-0.0165965077263681
"A0A1S3PTY0",-0.0165948013616871
"A0A1S3SBB1",-0.0165945534943083
"A0A1S3NE42",-0.0165937831234472
"A0A1S3L7V7",-0.0165921623081942
"A0A1S3N7F9",-0.0165902515724037
"A0A1S3S2U7",-0.0165896728097277
"A0A1S3KU89",-0.0165877191593347
"B5X3M0",-0.0165869743082648
"B5X141",-0.0165847385853297
"B5RI21",-0.0165812930771556
"B5X4R7",-0.0165799884846316
"A0A1S3LCY0",-0.0165782546496467
"A0A1S3MIL1",-0.0165779248355023
"A0A1S3Q7E5",-0.0165773397130634
"A0A1S3SCN3",-0.0165759502740243
"A0A1S3PL98",-0.0165743398230721
"B5X1Z0",-0.0165738636783578
"A0A1S3KRV5",-0.0165652506334118
"C0HA06",-0.0165650608476976
"A0A1S3QNF3",-0.0165642054830312
"A0A1S3MDG1",-0.0165632113544597
"A0A1S3RL20",-0.0165608403695743
"B5X3A5",-0.0165600545792302
"B5X8X7",-0.0165596035536647
"H5ZTW4",-0.0165564453388474
"A0A1S3PBW1",-0.0165557900587763
"A0A1S3KJ87",-0.0165548662283966
"A0A1S3MB69",-0.0165544982772176
"B5X9F8",0.0165530640154956
"A0A1S3KLK2",-0.0165521508768348
"B5X931",-0.016549617726205
"B5X274",-0.0165491265520304
"A0A1S3NN86",-0.0165477181953221
"A0A1S3QS03",-0.0165458971574285
"A0A1S3S4W9",-0.0165448133692465
"A0A1S3QCY2",-0.0165427406665262
"A0A1S3LHW2",-0.0165426525664686
"A0A1S3R4X3",-0.0165416207753879
"A0A1S3QLG9",-0.0165407164817626
"A0A1S3QN63",-0.0165398750227644
"A0A1S3QA05",-0.016539093335146
"B5DGE0",-0.0165381551905331
"B5X0U5",-0.0165377486100444
"A0A1S3KSQ5",-0.0165365878156031
"A0A1S3NN55",0.0165310986645081
"A0A1S3N6C9",-0.0165310194300517
"A0A1S3SUX1",-0.0165276815265088
"B5X8C1",-0.0165271514550969
"A0A1S3LER8",-0.0165259511730177
"A0A1S3QL22",-0.0165244167191737
"A0A1S3S7N8",-0.0165227487530367
"A0A1S3NQF9",-0.01652071056493
"A0A1S3Q7X9",-0.0165178844575177
"A0A1S3M6T7",-0.016517526145576
"A0A1S3SNT4",-0.0165173440795924
"A0A1S3N262",-0.0165148974638312
"A0A1S3MIW8",-0.0165140921273737
"A0A1S3P4X5",-0.0165139381096555
"A0A1S3QFW0",-0.0165138572449037
"A0A1S3RM13",-0.0165135194407311
"A0A1S3KKW8",-0.0165074852560093
"B9EPT4",-0.0165050154435144
"A0A1S3PX52",-0.016504903483286
"A0A1S3KM75",-0.0165026396084924
"A0A1S3T3M2",-0.0165015530288149
"A0A1S3SF36",-0.0164983416832773
"A0A1S3RC11",-0.0164975701882881
"A0A1S3LZ47",-0.0164971484461842
"A0A1S3KUZ1",-0.0164963801861349
"A0A1S3S6M8",-0.0164959402573323
"A0A1S3LZP6",-0.0164958873082569
"B5DGC8",-0.0164932979520193
"A0A1S3M5Z1",-0.0164931422974717
"A0A1S3R260",-0.0164931367995804
"A0A1S3MIE4",-0.0164842764454977
"A0A1S3RF75",-0.0164839023965641
"A0A1S3RTM3",-0.0164818087906856
"A0A1S3PGN8",-0.0164809643598907
"B5XBK5",-0.0164800566258925
"A0A1S3SDY0",-0.0164768767985543
"A0A1S3Q1W0",-0.0164758153075488
"A0A1S3LAS5",-0.01647298104171
"A0A1S3QMK4",-0.0164726306015284
"A0A1S3NBR5",-0.0164721608863992
"B5X5R2",-0.0164692160651186
"A0A1S3QSP3",-0.0164686466866936
"B5DGH2",-0.0164653501894477
"B5X5G4",-0.0164652672350047
"A0A1S3Q6S9",-0.0164649286539278
"B5DGY5",-0.0164640030216643
"A0A1S3MN14",-0.0164629354018934
"A0A1S3LUF2",-0.0164606986102472
"A0A1S3T374",-0.0164602935705944
"B5X6N3",0.0164601213710678
"A0A1S3NG25",-0.0164600594022716
"A0A1S3S5D9",-0.0164598367733148
"B5X3M7",-0.0164592487132616
"A0A1S3RSQ4",-0.0164592026761643
"A0A1S3PV38",-0.0164585455442625
"A0A1S3RX62",-0.0164579821507123
"A0A1S3QL47",-0.0164579178777722
"B5X2W5",0.0164566146333152
"A0A1S3KL41",-0.0164555474362936
"A0A1S3M3Z0",-0.0164555199042675
"A0A1S3PAJ7",-0.0164514807816064
"A0A1S3KNE5",-0.0164497985785008
"A0A1S3NTT5",-0.016448882388857
"A0A1S3KV68",-0.0164472744014215
"A0A1S3RGB0",-0.0164472249242995
"A0A1S3NUZ8",-0.0164462616972261
"B5X1M6",-0.0164461109030549
"A0A1S3LLM9",-0.016445200116662
"A0A1S3Q1P5",-0.0164447351942788
"B5XBL0",-0.0164444801621939
"A0A1S3R2G7",-0.0164437809182613
"A0A1S3LSX3",-0.0164429478463948
"A0A1S3R7I8",-0.016442754777753
"A0A1S3S073",-0.0164417241334273
"A0A1S3MB21",-0.016441381016679
"C0H7U8",-0.0164410328076468
"A0A1S3SXR5",-0.0164375133636418
"A0A1S3MKN8",-0.0164351831789771
"A0A1S3NPJ1",-0.0164333312659411
"A0A1S3LLW4",-0.0164326271348853
"B5XGQ0",-0.0164320425922559
"A0A1S3NMR5",-0.0164320090166701
"A0A1S3SUV5",-0.0164319893834723
"A0A1S3N1E7",-0.0164316904026182
"B5X1G2",-0.0164306390709193
"B5X5B2",-0.0164301856124693
"C0HAN0",-0.0164297262034149
"A0A1S3LTW8",-0.016428808867513
"B5DGH7",-0.0164286968185393
"A0A1S3P8C0",-0.0164278346172961
"C0H8L1",-0.0164271137475503
"A0A1S3LML8",-0.0164237169087646
"B9ELC1",-0.016423385209268
"A0A1S3RNQ4",-0.0164206843257951
"A0A1S3RUM5",-0.0164181583477842
"B5XF91",-0.0164148771922092
"A0A1S3R4C5",-0.0164143309369928
"A0A1S3S5F6",-0.0164143255801107
"A0A1S3NAY7",-0.0164143160563263
"C0H7D2",-0.0164138472596413
"B5X383",-0.0164124645543519
"A0A1S3S9I3",-0.0164111368996685
"A0A1S3RN63",-0.0164098608090675
"A0A1S3M0B2",-0.0164096874999168
"B5X228",-0.016408462327296
"A0A1S3SYE1",-0.0164084377753076
"A0A1S3PYA2",-0.0164082548186973
"B5X373",-0.0164078614430936
"A0A1S3LS19",-0.0164077676092058
"A0A1S3N962",-0.0164068148050406
"B5X4E3",-0.0164038994609126
"A0A1S3RHL7",-0.0164022657209032
"A0A1S3RS46",-0.0164016578393061
"B5X9F1",-0.0164008726733453
"A0A1S3Q618",-0.016398242335822
"A0A1S3SQP6",-0.0163978335084995
"A0A1S3KKT1",-0.016397188832944
"A0A1S3KTW5",-0.0163960673079719
"B5X201",-0.0163956601518019
"A0A1S3S0L6",-0.0163912596679393
"A0A1S3NUA3",-0.0163884574631574
"B5X1W1",-0.0163843589367908
"B5X3E8",-0.0163832444231892
"A0A1S3SFE1",-0.016381133363206
"B5X3D1",-0.0163807912105325
"B9ELQ8",-0.0163768619742674
"A0A1S3REC5",-0.0163758545369673
"B5X7I1",-0.0163757560438576
"B5XCI2",-0.0163745422142198
"A0A1S3MGH4",-0.0163735940787522
"A0A1S3MG63",-0.0163735038687394
"A0A1S3RE09",0.0163732292891
"A0A1S3N5S5",-0.0163732053342369
"C0HAR9",-0.0163717902628581
"A0A1S3M2H4",-0.0163698045037585
"A0A1S3LVK0",-0.0163697381776285
"C0HAF2",-0.0163696741459912
"B5X3E6",-0.0163692888021933
"A0A1S3MK08",-0.0163689225159614
"B5X340",-0.0163682398671307
"A0A1S3LZ65",-0.0163669471798648
"A0A1S3KKY2",-0.0163655259388346
"B5DG63",-0.0163635982517345
"A0A1S3MIZ4",-0.016363517746134
"A0A1S3S2A3",-0.0163628624777092
"A0A1S3KP65",0.0163608656903288
"B5DGK2",-0.0163607183105921
"A0A1S3N1D8",-0.0163603844633609
"A0A1S3M054",-0.0163601663944212
"B5XGQ3",-0.0163598127381675
"A0A1S3LJJ1",-0.0163584710488812
"A0A1S3MGG2",0.0163582827943267
"B5DGD5",-0.0163538184596136
"A0A1S3M776",-0.0163534840288623
"A0A1S3PAQ7",-0.0163525517593832
"A0A1S3T578",-0.0163518761208233
"A0A1S3R5U7",-0.0163515814077947
"B5DGL0",-0.0163483840607758
"A0A1S3N6L0",-0.0163480437233286
"A0A1S3M918",-0.0163465602309036
"B9ELA9",-0.016345906374818
"A0A1S3ME41",-0.0163451377563924
"A0A1S3SD38",-0.0163449173440505
"A0A1S3T4M3",-0.0163441432820514
"B5X3Q3",-0.016344054621126
"A0A1S3LM54",0.0163422083131997
"A0A1S3RHY7",-0.0163420009331846
"B5XGD5",-0.0163419927068945
"B5X4K6",-0.0163413572545501
"B5DGH9",-0.0163405901840042
"A0A1S3RN35",-0.0163402823364293
"A0A1S3MD51",-0.0163400981205719
"A0A1S3Q4L4",-0.0163397715995084
"B5X3S5",-0.0163394714973927
"A0A1S3RDE0",-0.016338182812683
"A0A1S3KYR1",-0.016337300149604
"A0A1S3PFG6",-0.0163316826044132
"A0A1S3NWR3",-0.0163307568732528
"A0A1S3SX58",-0.0163299090588631
"A0A1S3QZL1",-0.0163297790533496
"A0A1S3P5Z1",-0.0163281439930945
"B5X1B4",-0.0163269657043142
"A0A1S3NLN8",-0.0163261392693774
"A0A1S3QRR0",-0.016323889222188
"B5X2U4",-0.0163209912145132
"A0A1S3PIY9",-0.0163206563920224
"A0A1S3LUB2",-0.0163187652508485
"A0A1S3S436",-0.0163138200054255
"A0A1S3PHX0",-0.0163127054221012
"A0A1S3S744",-0.0163116499552015
"A0A1S3PKN6",-0.0163106223500464
"A0A1S3PIC5",-0.016310354191785
"A0A1S3SML6",-0.0163091682105043
"A0A1S3N592",-0.016307497911294
"A0A1S3NCJ1",-0.0163068673636228
"B5DGX3",-0.0163062026561478
"A0A1S3QZN3",-0.0163059581982522
"B5X3S2",-0.016304394859454
"A0A1S3PM63",-0.0163042002278138
"A0A1S3LEF4",-0.016302244734167
"B5XE07",-0.0163018837224244
"B5X3X0",-0.0163014185837506
"B5DGV1",-0.0163012524812366
"B5X4M2",-0.0163008404249618
"A0A1S3SDP3",-0.0162979805593351
"A0A1S3M0T0",-0.0162979705711325
"A0A1S3PRM8",-0.016296032496716
"A0A1S3SS35",-0.0162957996197212
"A0A1S3PXS8",-0.0162930058881631
"A0A1S3KJC7",-0.0162924960639798
"A0A1S3MXA0",-0.0162921960044139
"A0A1S3M0I6",-0.0162921934072361
"A0A1S3LAK8",-0.01629178364286
"B9EPF8",-0.0162916346090588
"A0A1S3LT49",-0.0162905783456104
"B5X1Y0",-0.0162904836968559
"A0A1S3MPD2",-0.0162895592104479
"A0A1S3Q6Z1",-0.0162894785589829
"B5X9W9",-0.0162889855959028
"A0A1S3QA49",-0.0162875533880611
"A0A1S3M504",-0.0162874418038045
"A0A1S3NIT1",-0.0162867018773158
"A0A1S3QAP2",-0.0162860809338888
"A0A1S3QRD5",-0.0162856034952831
"A0A1S3MYD7",-0.0162855955991678
"A0A1S3QL88",-0.0162854768583142
"A0A1S3MFY4",-0.0162838445402254
"A0A1S3LQK2",-0.0162837858206702
"B5XBM8",-0.0162837766508234
"B5XG89",-0.0162831447681512
"A0A1S3S257",-0.016282357723232
"A0A1S3RKP1",-0.0162816570611425
"C0HBI8",-0.0162813181700647
"Q9YGC0",-0.016280828958258
"A0A1S3NRJ1",-0.0162800922995775
"A0A1S3SLK3",-0.0162798009287239
"A0A1S3NBU4",-0.0162789785402913
"A0A1S3R3U9",-0.016278735243002
"A0A1S3LGR5",-0.0162783274627181
"B5XER4",-0.0162763974904849
"A0A1S3QHP6",-0.0162761136841249
"C0H907",-0.0162725629205735
"A0A1S3QEN5",-0.0162714945316773
"A0A1S3LMU3",-0.0162700190210211
"A0A1S3MXA3",-0.0162697726838125
"A0A1S3RBD1",-0.0162697268311657
"A0A1S3M7P5",-0.0162670094987674
"A0A1S3NP26",-0.016265817588634
"A0A1S3KQC8",-0.0162623548638929
"A0A1S3KYF0",-0.0162623230636971
"B9EN83",-0.0162621015586261
"C0HA77",-0.0162616542776763
"A0A1S3SKZ6",-0.0162612259656198
"A0A1S3MNH8",0.0162606239073268
"B5X6C8",-0.0162595215430618
"B5X5H7",-0.0162593756341132
"A0A1S3P8V4",-0.0162592910444017
"B5XE87",-0.0162583345620283
"B9EM46",-0.0162580775597568
"A0A1S3LSY0",-0.0162579826668492
"A0A1S3NMU9",-0.0162577800048201
"A0A1S3LQR4",-0.0162561131301149
"A0A1S3KS97",-0.0162560691534043
"A0A1S3PZV9",-0.0162552678338033
"A0A1S3S2M5",-0.0162548652618759
"A0A1S3P4V6",-0.016253908188678
"A0A1S3S819",-0.0162516985376822
"A0A1S3R6Z4",-0.0162487707988893
"A0A1S3QDR3",-0.0162465189854212
"A0A1S3PXV4",-0.0162457430455826
"A0A1S3M6B6",-0.0162449619113656
"B5XA33",-0.0162448585234833
"A0A1S3QKG6",-0.0162433114316365
"A0A1S3LHB9",-0.0162427168864308
"A0A1S3LZK4",-0.0162422494641718
"A0A1S3NR10",-0.0162421403879038
"A0A1S3S4U2",-0.0162413324183392
"A0A1S3S0N0",-0.016239591237423
"A0A1S3SQ44",-0.0162373341197466
"A0A1S3RHQ5",-0.0162370934570384
"A0A1S3RDV7",-0.0162364068901075
"A0A1S3LL56",0.0162356503491606
"A0A1S3MYK9",-0.0162356068428883
"A0A1S3QLP3",-0.0162345849144489
"A0A1S3LFM2",-0.0162335711886323
"B5DGM5",-0.0162308860485553
"A0A1S3LEH8",-0.0162291273383931
"A0A1S3P2Z3",-0.0162283746736846
"A0A1S3N4C3",-0.0162275317489263
"A0A1S3P6B5",-0.0162239509350582
"C0H9N2",-0.0162233778830019
"B5X2S5",-0.0162232444042652
"B5XBY1",-0.0162228860815483
"A0A1S3SXL9",-0.016220107355854
"A0A1S3PIM4",-0.0162197352146995
"A0A1S3RUI1",-0.0162194439074401
"B9EQ40",-0.0162184988882258
"A0A1S3MXZ2",-0.0162183168791962
"A0A1S3L1U2",-0.0162179348229972
"B5DGW2",-0.0162177412430925
"A0A1S3MWA3",-0.0162145741083267
"A0A1S3LVJ6",-0.0162128644814098
"A0A1S3R5G3",-0.0162124711353754
"A0A1S3PTL0",-0.0162119261607859
"A0A1S3P3L4",-0.016211327075241
"A0A1S3PZC2",-0.0162103351066211
"A0A1S3NV97",0.0162096938047275
"A0A1S3LJ13",-0.0162095542634564
"A0A1S3S8T2",-0.016209146953416
"A0A1S3S3F6",-0.0162080887238097
"A0A1S3KVT1",-0.016207786234111
"A0A1S3NN39",-0.0162074525043905
"A0A1S3N5V4",-0.0162054734889152
"A0A1S3NPR1",-0.0162049133923895
"A0A1S3R795",-0.0162044705462239
"A0A1S3KL94",-0.0162041166350726
"A0A1S3LWS6",-0.0162032058830906
"B9END7",-0.0162027689578656
"B5DGL3",-0.0162026472961646
"A0A1S3MX42",-0.0162000094312367
"A0A1S3S330",-0.0161972751246104
"A0A1S3P9W4",-0.0161943630178277
"A0A1S3NAY5",0.0161929006441251
"A0A1S3N7N5",-0.016192876745761
"A0A1S3KVM0",-0.0161903057010334
"B9EL60",-0.0161895344342228
"B5XDM0",-0.0161878966807032
"B5XC26",-0.0161858166264123
"B5DGY6",-0.016184084789975
"A0A1S3KS25",-0.0161833350492338
"B9EQK6",-0.0161824284117024
"B5X593",-0.0161819068933983
"B5X124",-0.0161815660158511
"B5XBW1",-0.0161811245220487
"A0A1S3N361",-0.0161802860414929
"B5X0W7",-0.0161800409737725
"A0A1S3PFV5",-0.0161792041361061
"A0A1S3PFN0",-0.0161790033376874
"A0A1S3RKH9",-0.0161788194001118
"B5DG42",-0.0161773887247884
"A0A1S3PFT6",-0.0161773656465334
"A0A1S3LVY0",-0.0161768957682311
"A0A1S3NCX5",-0.0161751299245839
"A0A1S3LYL2",-0.0161734245027736
"A0A1S3ST44",-0.0161734189720187
"A0A1S3LCT3",-0.0161725466775857
"A0A1S3P0X2",-0.0161709298242301
"C0H9H1",-0.0161708770142938
"A0A1S3MTV5",-0.0161699608878906
"A0A1S3R9L9",-0.0161684559887579
"A0A1S3LWH1",-0.0161683959269406
"A0A1S3R1P3",-0.0161683951817887
"A0A1S3LDN9",-0.0161682511746877
"B9ELG9",-0.016167536576685
"B5XGA0",-0.0161665412133838
"A0A1S3KZK8",-0.0161665093883784
"B5DGI1",-0.0161662317580756
"A0A1S3RHE4",-0.0161655883193959
"B5X7T4",-0.0161651034518246
"A0A1S3LJ21",-0.0161647203926165
"C0H723",-0.0161642089118124
"A0A1S3M4L7",-0.016163053243835
"A0A1S3PMZ0",-0.0161629523718116
"A0A1S3RR18",-0.016162001939306
"A0A1S3R756",-0.0161613610770477
"A0A1S3M4L8",-0.0161604778372944
"A0A1S3RB02",-0.0161604238282665
"A0A1S3P7Z4",-0.0161588181672967
"A0A1S3M7Q5",-0.0161587592154955
"A0A1S3LHA3",-0.0161585487253162
"A0A1S3MPY8",-0.0161580341125158
"A0A1S3M121",-0.0161574362397578
"B5X1P2",-0.016156949288646
"B5X2Y9",-0.0161563372489373
"A0A1S3R7L6",-0.0161560079994122
"C0HAQ6",-0.0161546967911354
"A0A1S3PBB8",-0.0161536182057836
"B5X8W7",-0.0161534875808263
"B5X2F8",-0.0161532892221688
"A0A1S3MK97",-0.0161523275286709
"B9EPI2",-0.0161517578486002
"C0H8X3",-0.0161470006165679
"C0HBF6",-0.0161469166583925
"A0A1S3LLC1",-0.0161467699459479
"B5X6F1",-0.0161450226629285
"A0A1S3SSK6",-0.0161421740194339
"A0A1S3QU71",-0.0161411088103447
"B5X0U0",-0.01614047557173
"A0A1S3RMT7",-0.0161400897673805
"B5X889",-0.0161396431263223
"A0A1S3RI22",-0.0161391231897481
"A0A1S3P2M1",-0.0161376413872947
"A0A1S3MEL7",-0.0161374800491157
"A0A1S3RH22",-0.0161373498335307
"A0A1S3RQC6",-0.0161368632682166
"A0A1S3M4K8",-0.0161362339818313
"A0A1S3KKY3",-0.0161359968574053
"A0A1S3P0F0",-0.0161351954631511
"A0A1S3L6H8",-0.0161332604614611
"A0A1S3SUE2",-0.0161298043058227
"A0A1S3PP97",-0.016129237056679
"A0A1S3RCN8",-0.0161288081965962
"A0A1S3SRS0",-0.0161241407245484
"C0HB27",-0.0161233955490153
"B9EPN7",-0.0161233600616338
"A0A1S3LHG1",-0.0161230658801072
"B5X1Q5",-0.0161226210328673
"B5X6K0",-0.0161225812155959
"A0A1S3RID5",-0.0161208298444313
"A0A1S3SLY7",-0.0161198850673729
"A0A1S3PSN7",-0.0161183880819041
"A0A1S3QJA2",-0.0161165776323046
"B5DGZ0",-0.016115796490949
"A0A1S3MYU4",-0.0161140579863564
"C0HAL2",-0.0161116192348811
"A0A1S3NV40",-0.0161094629460322
"A0A1S3PMY8",-0.0161092504496239
"A0A1S3NA46",-0.0161090607559107
"A0A1S3Q3N4",-0.0161090052273297
"B5X8A9",-0.0161077544917072
"B5XER9",-0.016106676601611
"A0A1S3QJY5",-0.016104857824252
"A0A1S3PMW0",-0.0161041387169497
"A0A1S3PCQ1",-0.0161019483202513
"C0H9X1",-0.0161007722350918
"A0A1S3LSH1",-0.0160987800965178
"A0A1S3KYK1",-0.0160985614573739
"A0A1S3LXE0",-0.0160983865083653
"B5X3X4",-0.0160973848658997
"A0A1S3R8H4",-0.016094620072189
"A0A1S3SYM2",-0.0160927782483778
"A0A1S3LVS0",-0.0160921851768137
"B5X686",-0.0160909463131804
"A0A1S3KJR5",-0.0160909045307736
"A0A1S3QKG1",-0.0160905022848147
"B5X3K6",-0.0160884515620288
"A0A1S3RU16",-0.0160882442383115
"A0A1S3QPS8",-0.0160873458707602
"A0A1S3LJ73",-0.0160872600770198
"A0A1S3MQT9",-0.0160861326891916
"A0A1S3M3K8",-0.0160852729675505
"B5X912",-0.016079107770944
"B5X4N1",-0.016078448129338
"A0A1S3SDZ4",-0.0160783211536751
"A0A1S3Q6W0",-0.0160780537848648
"C0HBQ9",-0.0160773785406663
"B5X5Y8",-0.0160765292363622
"A0A142L098",-0.0160741583795029
"C0H9U3",-0.0160738957086202
"B5X3R8",-0.016073016295363
"C0HAY1",-0.0160728740656402
"A0A1S3STJ0",-0.0160717551284853
"A0A1S3NEK5",-0.0160708547320059
"A0A1S3SXQ5",-0.0160704405340912
"A0A1S3PRW0",-0.0160700306109396
"A0A1S3KTP9",-0.0160664004772051
"A0A1S3KJF8",-0.016065524322942
"A0A1S3N2I7",-0.0160650180617913
"A0A1S3N8P8",-0.0160644508639727
"A0A1S3N408",-0.016064025542253
"A0A1S3QDN9",-0.0160628537785452
"A0A1S3KPJ2",-0.0160620560690164
"B5XDZ7",-0.016053682589822
"A0A1S3P7M3",-0.0160523192238821
"B5DG75",-0.0160521702611426
"A0A1S3N6N2",-0.0160486385927442
"A0A1S3RZA7",-0.0160485601756563
"A0A1S3NGY9",-0.0160451580638049
"B5X957",-0.0160444483567945
"A0A1S3S7U2",-0.0160443430409717
"B5X288",-0.0160439232862483
"A0A1S3NNK2",-0.0160430428218198
"B9UYM8",-0.0160426472239667
"A0A1S3P5U7",-0.0160395861630914
"A0A1S3MY21",-0.0160364627999163
"A0A1S3MJH4",-0.0160361034038825
"A0A1S3NGP0",-0.0160351426814069
"A0A1S3LBA8",-0.0160315270566934
"B5XGT7",-0.0160292664963888
"B5X2D5",-0.0160290686054478
"A0A1S3RG06",0.016029025566238
"A0A1S3RTN2",-0.01602795159558
"A0A1S3KXI5",0.0160273724123546
"A0A1S3N2J3",-0.0160260163792729
"A0A1S3KUJ0",-0.0160256286107046
"A0A1S3M6H6",-0.0160245297121492
"A0A1S3MMY6",-0.0160229202819912
"A0A1S3KRA0",-0.0160228517296075
"B9EPR5",-0.0160216948235107
"A0A1S3N1H2",-0.0160184093251554
"B5X3Z6",-0.0160175823066623
"A0A1S3R8V9",-0.0160164623238105
"A0A1S3MHA7",-0.0160154797152153
"B5XGH3",-0.0160153567595122
"A0A1S3MB27",-0.0160145781227076
"A0A1S3SAT7",-0.01601415164446
"B5X5W5",-0.0160138584207374
"A0A1S3PEL9",-0.0160124209874923
"B5X0Q5",-0.0160122838738587
"B5XAB2",-0.0160112862661287
"A0A1S3R7W7",-0.0160112849938747
"A0A1S3MR79",-0.0160107408099215
"P84408",-0.0160100093780631
"A0A1S3PJB2",-0.016009646910273
"B5DG72",-0.0160086165081953
"A0A1S3R0A2",-0.0160082997007114
"A0A1S3SIH5",-0.0160067589117709
"B5X2S0",-0.0160064639485144
"A0A1S3QLU4",-0.0160048177796511
"C0HBK4",-0.016003629964912
"A0A1S3NNE9",-0.016003284242511
"A0A1S3KX30",-0.0160029457228664
"A0A1S3QBL3",-0.0160018212031926
"A0A1S3SM99",-0.0160009461042952
"A0A1S3SMC2",-0.016000093125978
"B5DG04",-0.0159996627453503
"B5X4V7",-0.0159982199658807
"A0A1S3S9P2",-0.0159980565284895
"C0H7F7",-0.0159976552024106
"A0A1S3KJL4",0.0159975168634962
"A0A1S3KNP3",-0.0159972843946552
"A0A1S3SFM1",-0.0159955948642147
"A0A1S3RE23",-0.0159949164405032
"A0A1S3LNT7",-0.0159947552568509
"A0A1S3R2G6",-0.0159941213162322
"B5X7X4",-0.0159896087999336
"A0A1S3MG90",-0.0159891372155761
"B5DGX1",-0.01598913217522
"A0A1S3SQX6",-0.0159884754361748
"A0A1S3NH30",-0.0159864499804521
"A0A1S3STY2",-0.015984683174982
"A0A1S3T6F6",-0.0159843348023951
"B5X427",-0.015983027061721
"A0A1S3N5U5",-0.0159806929876211
"A0A1S3NZP1",-0.0159795806991394
"A0A1S3LR90",-0.0159763580436503
"A0A1S3NXI5",-0.0159760493281157
"A0A1S3SSN6",-0.0159760156281625
"A0A1S3KWM1",-0.0159730044257398
"B5DGG1",0.0159717013308466
"A0A1S3LHE2",-0.0159705765967083
"A0A1S3RS37",-0.015970207342795
"A0A1S3P833",-0.0159701011677209
"A0A1S3RE68",-0.0159699989953444
"A0A1S3LVD8",-0.0159688672691739
"A0A1S3P0B4",-0.0159685715875808
"A0A1S3MYR1",-0.0159683725017524
"A0A1S3S1I4",-0.0159681162704761
"A0A1S3RRP2",-0.0159672334919618
"A0A1S3L0Y0",-0.015966572373701
"B5XDE2",-0.0159659512684753
"A0A1S3PAF4",-0.0159657229601772
"B5X117",-0.015963113289819
"A0A1S3L4Z6",-0.0159629529698749
"A0A1S3QYU3",-0.0159619042181763
"B5X5C2",-0.0159608215625255
"A0A1S3R721",-0.0159602067877831
"A0A1S3Q8E3",-0.0159600767497948
"A0A1S3M5W7",-0.0159580501144973
"B5X850",-0.0159578867960478
"A0A1S3KP35",-0.015957721428801
"A0A1S3PX27",-0.0159549111311687
"A0A1S3PV10",-0.0159542034865413
"A0A1S3NRZ6",-0.0159529830600477
"A0A1S3M604",-0.0159529087694505
"A0A1S3P4Y2",-0.0159520838032418
"C0H944",-0.0159519550590238
"A0A1S3P3H3",-0.0159517154586984
"B5DGQ1",-0.0159507101161596
"B5DGU7",-0.0159496597791834
"A0A1S3M8P4",-0.0159495845394969
"A0A1S3PNK7",-0.0159490557783567
"A0A1S3QFP7",-0.0159490509881929
"C0H7Q4",-0.015948496602151
"A0A1S3PE89",-0.0159483052739711
"C0H9M1",-0.0159473001745453
"A0A1S3RYQ8",-0.0159469186845587
"B5X348",-0.01594656728248
"A0A1S3NNF9",-0.0159459575793305
"A0A1S3MAX0",0.015945372505881
"A0A1S3RT76",-0.0159451832987124
"A0A1S3L0X0",-0.0159450960538501
"A0A1S3SE59",-0.0159445016201235
"B5X3S1",-0.015942780099282
"A0A1S3STX9",-0.0159401617498573
"A0A1S3PF10",-0.0159395318882088
"A0A1S3MD74",-0.0159377778059138
"A0A1S3N0C6",-0.0159371894150608
"A0A1S3L6P1",-0.0159348956933678
"A0A1S3QFM0",-0.0159344666925672
"A0A1S3M834",-0.0159343379938162
"A0A1S3NA50",-0.0159337743240181
"A0A1S3M1U0",-0.0159320339685931
"A0A1S3NBQ1",-0.0159315087883337
"B5X2S1",-0.0159310272546911
"A0A1S3RDL3",-0.0159305208258156
"A0A1S3MNV3",-0.015929988026756
"B5X404",-0.0159286574573672
"A0A1S3RHA0",0.01592671883117
"A0A1S3KVM4",-0.0159260060370713
"B5X1Z2",-0.015925090200189
"A0A1S3NTG6",-0.0159246069674657
"A0A1S3PLM1",-0.0159222885400738
"A0A1S3NL75",-0.0159207026308606
"A0A1S3LGR3",-0.015920473284261
"A0A1S3KLX9",-0.0159188244693143
"A0A1S3P811",-0.0159175875012856
"A0A1S3LRZ3",-0.0159173494607403
"A0A1S3L825",-0.0159171557015528
"A0A1S3RGG1",-0.0159163099225699
"A0A1S3L015",-0.0159135994359348
"B5X1I5",-0.01591137066853
"B5X218",-0.0159102283184222
"B5XCY4",-0.0159098309090557
"A0A1S3PQ67",0.0159092390921575
"C0H9M4",-0.0159041509275898
"A0A1S3PNN3",-0.0159027043388732
"A0A1S3LG16",-0.0159000296874906
"A0A1S3NFL0",-0.0158995839709395
"A0A1S3R5W8",-0.0158994328986451
"A0A1S3SCX8",-0.0158984287348033
"A0A1S3RVN8",-0.0158952968881442
"A0A1S3RTW0",0.0158923711638678
"A0A1S3MTZ0",-0.0158918868062014
"A0A1S3M3B5",-0.015891384578796
"A0A1S3MBP5",-0.015890514974796
"B5XBP3",-0.0158872158700201
"A0A1S3PG45",-0.0158872154910537
"C0H9Q4",-0.0158870693729406
"A0A1S3S240",-0.0158852537011527
"A0A1S3MVH4",-0.0158847236555092
"A0A1S3PA61",-0.0158842819645076
"B5X958",-0.0158821804671274
"A0A1S3SIT2",-0.0158821111801591
"B5X0R8",-0.0158817555212905
"A0A1S3RSS3",-0.0158817091433314
"A0A1S3SV16",-0.015880691130796
"A0A1S3PBU8",-0.0158804017340098
"A0A1S3NTQ3",-0.0158799485792927
"B5XGN3",-0.0158788695024143
"A0A1S3P8G4",-0.0158783409687864
"A0A1S3PY38",-0.0158770179678433
"A0A1S3SQT2",-0.0158768343955024
"A0A1S3RCE0",-0.01587493582794
"B5X2M7",-0.0158745491086176
"B5X2M8",-0.0158744808598713
"A0A1S3KWI8",-0.0158733149993704
"A0A1S3NGR6",-0.0158732158069235
"A0A1S3MW76",-0.0158730211545679
"A0A1S3MP07",-0.0158710113096307
"A0A1S3MIN1",-0.0158690928180137
"A0A1S3RRC7",-0.0158675694164971
"A0A1S3KV01",-0.0158673124704531
"A0A1S3NHW5",-0.0158665319615089
"A0A1S3Q2J9",-0.0158662470736893
"A0A1S3QGX8",-0.0158662457055926
"A0A1S3LHV8",-0.0158637928607678
"A0A1S3LU64",-0.0158619000634624
"B5X5E7",-0.0158607521534276
"A0A1S3LEH6",-0.0158604186705018
"A0A1S3S1D0",-0.0158588841701797
"B5X0U6",-0.0158572487070541
"B5DG05",-0.0158542032058044
"A0A1S3NFF9",-0.0158527654093744
"A0A1S3LHJ5",-0.0158520698831299
"B5X2J8",-0.0158518049121224
"A0A1S3MR43",-0.0158479398832734
"A0A1S3S543",-0.0158470776012997
"A0A1S3QEY3",-0.0158469888333839
"A0A1S3PYE8",-0.0158469496814213
"A0A1S3QNV6",-0.0158443342466722
"B5XDA8",-0.0158441641864342
"A0A1S3R032",-0.0158430432034454
"A0A1S3NRI1",-0.0158414533953191
"A0A1S3LWA8",-0.0158395951826419
"A0A1S3LIE9",-0.0158387153119692
"A0A1S3SRZ6",-0.0158376825487296
"A0A1S3RS40",-0.0158370775527611
"A0A1S3M1A0",-0.0158361375108892
"A0A1S3PP77",-0.0158344630279544
"A0A1S3N1A7",-0.0158344369607555
"A0A1S3PTS4",-0.0158339689770904
"A0A1S3M0D3",-0.0158335553509028
"B5X232",-0.0158334364493883
"A0A1S3LJX7",-0.0158332604527653
"A0A1S3LJ00",-0.0158332277520867
"A0A1S3KN01",-0.0158321976866334
"B5X227",-0.0158313696921857
"A0A1S3M7M3",-0.0158309866838853
"A0A1S3R6N2",-0.0158305188815274
"A0A1S3SWU6",-0.0158302253495445
"C0HBB4",-0.0158260113423212
"A0A1S3SHW9",-0.0158249388859533
"A0A1S3S0K1",-0.0158245080034998
"A0A1S3P3M7",-0.015823135961026
"B5X8R6",-0.0158218240002319
"A0A1S3SVN0",-0.0158173929496107
"A0A1S3NUB5",-0.0158163311515705
"A0A1S3MHM4",-0.0158148879595218
"C0H9Z6",-0.0158121430692012
"A0A1S3P8E8",-0.0158117856617778
"B5DGE8",-0.0158112520294618
"B5DGX9",-0.0158098478738224
"A0A1S3LVZ0",-0.0158089537655238
"A0A1S3PJX7",0.0158070025653275
"A0A1S3P3T9",-0.01580540217386
"A0A1S3S920",-0.0158047753892894
"A0A1S3PAL1",-0.0158043889225142
"A0A1S3NTG2",-0.015800173044242
"A0A1S3MEV6",-0.0157974996255004
"A0A1S3MF49",-0.0157972954779074
"A0A1S3T2W8",-0.0157965769924731
"A0A1S3Q1W1",-0.0157956017403388
"A0A1S3RM02",-0.0157928643735119
"A0A1S3KKW3",-0.0157921171374104
"A0A1S3NYK8",-0.0157913915249009
"B5X5X5",-0.015791353135857
"A0A1S3Q4B0",-0.0157901659022886
"A0A1S3SYU5",-0.015790136475401
"A0A1S3RGW8",-0.0157897801455186
"A0A1S3RHD5",-0.015786672366621
"B5X285",-0.0157864510452839
"B9EL66",0.0157854820948128
"A0A1S3P9W5",-0.0157850223637677
"A0A1S3M1G4",0.0157840479213906
"B5DGV7",-0.0157839510415342
"A0A1S3LFX6",-0.0157833686225998
"A0A1S3R6N9",-0.0157831410025995
"A0A1S3NAG4",-0.0157825752807053
"A0A1S3M7Q4",-0.0157821438030836
"A0A1S3MF40",-0.0157810348612779
"B5XEM5",-0.0157808677200393
"B5X5R4",-0.0157794178673349
"A0A1S3QPQ7",-0.0157780199658848
"A0A1S3RNV3",-0.015777351832715
"A0A1S3L455",-0.015777312587731
"B5XAP9",-0.0157773115305628
"B5XAG7",-0.0157768052631366
"A0A1S3SD84",-0.0157760194105059
"A0A1S3L3K9",-0.0157732787400165
"A0A1S3R1A2",0.0157732535221969
"A0A1S3KYE4",-0.0157718282118041
"B5X9U3",-0.0157706058210004
"A0A1S3P135",0.0157705954906115
"A0A1S3NZ08",-0.0157680073200203
"B9EQE5",-0.0157660255650982
"A0A1S3PQ26",-0.0157643843425168
"A0A1S3RMR3",-0.0157595990459808
"B5X7A6",-0.0157591615816468
"B9EL32",-0.0157587884575066
"B5X147",-0.0157574329719197
"A0A1S3SV85",0.0157572033374999
"A0A1S3SKI8",-0.0157569767268801
"A0A1S3RT12",-0.0157546377110528
"B5DGU8",-0.0157545218396674
"A0A1S3PYJ5",-0.0157538101031286
"A0A1S3R4K5",-0.0157528550425259
"A0A1S3R3J8",0.01575197279196
"B5X4G9",-0.0157508863255625
"A0A1S3N6S4",-0.0157501642084465
"A7KIL2",-0.0157496362318511
"A0A1S3M3L6",-0.0157480932800197
"A0A1S3NMX6",-0.0157450653614751
"A0A1S3QV50",-0.0157434069849454
"A0A1S3PKJ3",-0.0157431258073097
"B5X120",-0.0157414940803729
"B5X4I4",-0.0157402224361338
"A0A1S3N6Y0",-0.0157380768039898
"A0A1S3RA77",-0.0157361543331488
"B5X4T2",-0.0157356914993558
"B5XAE3",-0.01573285663585
"A0A1S3R4D5",-0.0157317691076968
"A0A1S3NXC3",-0.015731368401108
"A0A1S3SY85",-0.015727726757503
"A0A1S3QRU8",-0.0157261623084667
"B9EQJ4",-0.015725553702617
"A0A1S3LCH9",-0.0157235569888923
"A0A1S3PJ28",-0.0157233927771045
"A0A1S3MS77",-0.0157223528135855
"A0A1S3RZR8",-0.0157189951578103
"C0H9W8",-0.0157181448453631
"A0A1S3P8D4",-0.0157174345776385
"B5X1D2",-0.0157160639055851
"A0A1S3PL20",-0.0157131066456455
"A0A1S3RPM4",-0.0157128008867354
"A0A1S3RBN6",-0.0157123800293843
"A0A1S3NJ32",-0.0157115281710014
"A0A1S3LHL5",-0.0157095606429965
"A0A1S3SVG5",-0.0157092377864351
"A0A1S3PEG9",-0.015709010133772
"A0A1S3T5D5",0.0157052856274597
"A0A1S3PA05",-0.0157030249069783
"A0A1S3LRK4",-0.0157027519558303
"A0A1S3MRR3",-0.0157008373893693
"A0A1S3R1X7",0.0156986395560146
"A0A1S3R028",-0.01569806319685
"A0A1S3RFZ2",-0.0156975754091377
"C0H8W2",-0.0156975233923094
"B5X4C8",0.0156969652171415
"A0A1S3RMM7",-0.0156946909512975
"A0A1S3P8F2",-0.0156931167483455
"A0A1S3PKS7",-0.0156921770296133
"A0A1S3M814",-0.0156917318938639
"A0A1S3LF96",-0.0156916404334067
"C0H7S5",-0.0156901186788542
"A0A1S3R8Z1",-0.0156900170937918
"A0A1S3MQ17",-0.0156895068952397
"A0A1S3M7X8",-0.0156889852279541
"A0A1S3PMV4",-0.0156872063785202
"A0A1S3S4C5",-0.0156862990353717
"B5DG68",-0.0156855187473538
"A0A1S3MYQ1",-0.0156853674547511
"B5X5I0",-0.0156827027395917
"B5XE26",-0.0156825979266988
"A0A1S3QAV1",-0.0156825799618664
"A0A1S3STJ6",-0.0156807738504799
"B5X8A5",-0.0156805547835371
"C0H976",-0.0156805228825265
"A0A1S3PPP0",-0.0156786296734245
"A0A1S3LP22",-0.0156784309978654
"B9EN79",-0.0156772561219283
"A0A1S3LBG3",0.0156769519439739
"A0A1S3QLF0",-0.015675718998647
"A0A1S3S9G6",-0.0156698357543987
"A0A1S3KZG4",-0.0156692148681501
"A0A1S3NQ97",-0.0156688918057249
"A0A1S3SV08",-0.0156680820195967
"C0H9A6",-0.0156678891135756
"A0A1S3MDK1",-0.0156665299294553
"A0A1S3LF14",-0.015666386023681
"A0A1S3PRN5",-0.0156649987231425
"A0A1S3T3M1",-0.0156645101292616
"A0A1S3PTW1",-0.0156639738235171
"A0A1S3QKS3",-0.0156631617539044
"C0H859",-0.0156631116850061
"A0A1S3R432",-0.015661592371023
"B5XFL3",-0.0156610565919054
"A0A1S3S0G4",-0.0156586756760258
"A0A1S3P2F3",-0.0156580940227931
"A0A1S3Q593",-0.015656148916169
"A0A1S3NP06",-0.0156554332374508
"A0A1S3R573",-0.0156541223199389
"B5X2E2",-0.0156506340641547
"A0A1S3T0F2",-0.0156484412496198
"A0A1S3L0S1",-0.0156476548921541
"C0H948",-0.0156470766228043
"A0A1S3MGV5",-0.0156470751376557
"A0A1S3KRH1",-0.0156469130762778
"A0A1S3R7N0",-0.015642364780266
"B5XAU0",-0.0156415750798496
"A0A1S3NJP1",-0.0156414343211876
"A0A1S3MXD1",-0.0156405037497668
"A0A1S3Q2W0",-0.0156378311440556
"B9EM04",-0.0156366382129755
"A0A1S3NX53",-0.0156343245427271
"A0A1S3KIE3",-0.0156323315790139
"A0A1S3LFL0",0.0156303420293068
"A0A1S3PJD0",-0.015629545264579
"A0A1S3RHP3",-0.0156287548104684
"A0A1S3SZR0",-0.0156271495603879
"A0A1S3Q502",-0.0156270192394746
"A0A1S3RSN6",-0.0156264234156568
"A0A1S3QIG8",-0.0156254217777953
"M4V062",-0.0156254214406645
"B5X648",-0.0156240553344617
"B5DFX8",-0.0156231733771831
"A0A1S3LTT1",-0.0156205226605409
"B5X4T6",-0.015617716004511
"A0A1S3SZX2",-0.0156158817729187
"A0A1S3PWL3",-0.0156128619753414
"A0A1S3RD27",-0.0156125290615109
"B5DG49",-0.0156113686183772
"A0A1S3M854",-0.0156110731437514
"A0A1S3L3Q2",-0.0156108258362132
"A0A1S3M6J1",-0.0156081742464515
"A0A1S3LTT5",-0.0156057086984326
"A0A1S3QZV4",-0.0156010747827382
"A0A1S3KWN3",-0.0156007455994929
"A0A1S3M9T7",-0.015600022304118
"C0HBK9",-0.0155955416840238
"A0A1S3N1G0",-0.0155944621839538
"A0A1S3MVJ3",-0.0155940125580999
"A0A1S3PM96",-0.0155938176826107
"C0H7N1",-0.0155927988566333
"B5X3H9",-0.0155903566017794
"A0A1S3QZQ3",-0.0155874977273268
"C0HBR6",-0.0155872582835309
"A0A1S3SM50",-0.0155871763248225
"A0A1S3NB72",-0.0155826208085511
"A0A1S3L0J8",-0.0155825571139248
"A0A1S3PEV1",-0.0155823435687418
"A0A1S3SWG0",-0.0155819478474401
"A0A1S3L078",-0.0155815193636667
"A0A1S3QZ62",-0.0155799518068086
"A0A1S3MA91",-0.0155795843843475
"A0A1S3Q5J5",-0.0155789264066369
"A0A1S3SKS3",-0.015572726588287
"A0A1S3P6B0",-0.0155705879331757
"C0H9M9",-0.0155674937749074
"A0A1S3L778",-0.015564886420295
"B5X389",-0.0155640031920027
"A0A1S3P954",-0.0155628720635643
"A0A1S3MXN1",-0.0155622302707833
"A0A1S3RI09",-0.0155622278476674
"A0A1S3RUW5",-0.0155619956800137
"A0A1S3LZI6",-0.0155619254252055
"A0A1S3MDQ9",-0.0155610356041968
"A0A1S3SYD2",-0.0155609635616027
"B3TDD3",-0.0155605368093926
"A0A1S3SPK3",-0.0155603042594091
"A0A1S3MA66",0.0155562674335524
"A0A1S3Q8A6",-0.0155552428274088
"C0HAG9",-0.0155540220146122
"A0A1S3MUM9",-0.0155529365201797
"A0A1S3KJB0",-0.0155522520899786
"A0A1S3PH50",-0.0155518258465556
"B5XCY0",-0.0155516658129779
"A0A1S3KY05",-0.0155507482828773
"C0H7M0",-0.0155479753453742
"A0A1S3SAI7",-0.0155476042902837
"A0A1S3PBY6",-0.015546602363628
"A0A1S3LW35",-0.0155464566847146
"B5X7Y3",-0.0155454871861858
"A0A1S3RTV4",-0.0155439466589489
"A0A1S3PFY6",-0.0155431548902172
"A0A1S3MQ29",-0.0155425218485882
"A0A1S3P342",-0.0155403885083698
"A0A1S3KJ30",-0.015539126163707
"A0A1S3P339",-0.0155372594293232
"A0A1S3T4V0",-0.0155332810774723
"A0A1S3M328",0.0155330221694223
"A0A1S3KIB9",-0.0155326807655398
"A0A1S3NAB0",-0.0155309433809457
"A0A1S3NEK6",-0.0155282308659698
"B5DGL6",-0.0155279289899816
"A0A1S3NYE9",-0.0155264732429819
"A0A1S3SHS6",-0.0155251722723327
"B5X0V6",-0.0155237973907387
"A0A1S3SXH2",-0.015522309283396
"B5X323",-0.0155219778907784
"B5X7F3",-0.0155203141777616
"A0A1S3M6V6",-0.0155202604494946
"B5XAI8",-0.0155187281294587
"B9EQ76",-0.0155180135530966
"A0A1S3QU01",0.015516865992159
"A0A1S3PIL0",-0.0155166194637821
"A0A1S3SIU4",-0.0155165456514218
"A0A1S3L4R1",-0.0155142164330429
"A0A1S3RYS3",-0.0155126672612814
"B5X8T9",-0.015512643085317
"A0A1S3R0V3",-0.0155122588712391
"A0A1S3SZS6",-0.0155105149321766
"A0A1S3KNY4",-0.0155088766555837
"A0A1S3S313",-0.01550745190203
"C0HAQ0",-0.0155054827131433
"A0A1S3P7S7",-0.0155053351894161
"B5X2T9",-0.0155049006410403
"A0A1S3L082",-0.0155047190387337
"A0A1S3NT33",-0.015504213793007
"B5XAQ9",-0.0155020654285307
"A0A1S3P1K2",-0.0154977523837053
"B5XAC1",-0.0154972295208571
"A0A1S3MSB2",-0.0154969518624534
"A0A1S3NCL1",-0.0154939174653839
"A0A1S3T1T4",-0.0154938609982062
"A0A1S3M0B4",-0.0154937087415709
"B5X1S1",-0.0154903733756732
"A0A1S3LCU9",-0.0154899340484644
"B5X977",0.0154886657563649
"A0A1S3N590",-0.0154884744222378
"A0A1S3RQQ8",-0.0154869110152307
"A0A1S3QLG5",-0.0154858880259637
"A0A1S3MH24",-0.0154812422157646
"A0A1S3SN90",0.0154810305197092
"A0A1S3QTJ8",-0.0154805948642902
"A0A1S3L4J4",-0.0154788588346309
"A0A1S3PQV5",-0.0154787923365141
"A0A1S3NNT2",-0.0154782983761857
"A0A1S3KL27",-0.0154771223588466
"A0A1S3SE85",-0.0154739701309117
"A0A1S3PFL7",-0.0154728474238247
"B5DGV3",-0.015472241839754
"C0HA30",-0.0154710163063175
"A0A1S3MGB4",-0.0154689038607918
"A0A1S3KI41",-0.0154679159063254
"B5DGT7",-0.0154651802544503
"A0A1S3QA59",-0.01546497315638
"A0A1S3PFB7",-0.0154596314211379
"A0A1S3MH10",-0.0154588313732993
"A0A1S3KRS7",-0.0154573213146555
"B5XBS3",-0.0154558334311014
"A0A1S3QQA8",-0.0154558291921244
"A0A1S3MAS9",-0.0154556757243064
"A0A1S3QQ17",-0.0154553192818212
"A0A1S3PEZ2",-0.0154542814725955
"A0A1S3RC94",0.0154528051495065
"A0A1S3QP12",-0.0154527603191583
"A0A1S3RAB9",-0.0154525539672057
"A0A1S3RQ22",-0.0154519183937278
"B5X9U4",-0.0154513320483674
"B5DG28",-0.015451241242005
"A0A1S3QLB8",-0.0154501285234093
"B5X1Z3",-0.015449488898632
"B5DGE3",-0.0154479574241957
"A0A1S3NS05",-0.0154469027659629
"B5XB27",-0.0154456485187591
"A0A1S3SV54",-0.0154435593987138
"A0A1S3L7A9",-0.0154402337220459
"A0A1S3RW31",-0.0154400020403553
"A0A1S3R7C7",-0.0154400003791706
"B9ELI8",-0.0154395324925904
"A0A1S3M6Z5",-0.0154390680888397
"B5X4J7",-0.015438698474887
"A0A1S3KL34",0.0154386705821672
"A0A1S3SZ07",-0.0154370499535383
"A0A1S3MK55",0.015434496505405
"A0A1S3KLI5",0.0154341005817966
"A0A1S3QFN0",0.0154328934491921
"A0A1S3MYH1",-0.0154322259438224
"A0A1S3T1F1",-0.0154298766833667
"A0A1S3RQ78",0.0154269182785578
"A0A1S3LR80",-0.0154258576509357
"A0A1S3M2G7",-0.0154236746660225
"A0A1S3LET2",-0.015421973402147
"A0A1S3Q5C1",-0.0154208717620986
"A0A1S3PEV6",-0.0154173237261892
"A0A1S3SCW5",-0.0154163157380382
"A0A1S3SGT1",-0.0154161184111586
"A0A1S3SAS1",-0.0154161020585663
"A0A1S3M838",-0.0154146556218043
"A0A1S3R368",-0.0154122208126684
"A0A1S3SVZ1",-0.0154111645482326
"A0A1S3LZ38",-0.0154111605163854
"B5X934",-0.0154085078872584
"A0A1S3LJD5",-0.0154079944920227
"A0A1S3Q238",-0.0154069403606622
"B5DH07",-0.0154068231009576
"A0A1S3NZB0",-0.0154065884454296
"C0H973",-0.0154055896265673
"A0A1S3QBW9",-0.0154053385733123
"B5X277",-0.0154051155260539
"B5XDA7",-0.0154038558867246
"A0A1S3NGA6",-0.015402974740599
"A0A1S3LCZ9",-0.0154005939691362
"B5X110",-0.0153965802179877
"A0A1S3KVQ3",-0.0153954678134618
"B5X3R5",-0.0153942211756358
"A0A1S3RD44",-0.0153915946694675
"A0A1S3MPW0",-0.0153907489028344
"A0A1S3MD82",-0.0153904771055171
"A0A1S3R3P2",-0.0153896239994782
"A0A1S3LWZ1",0.0153862511031622
"B5X318",-0.0153861242628946
"A0A1S3KK62",-0.0153849752302822
"A0A1S3RAT6",-0.0153837997826715
"A0A1S3MRT1",-0.0153834977879009
"A0A1S3MUB7",-0.0153813892249719
"A0A1S3S0V9",-0.015380225870731
"B5X779",-0.0153757412292315
"A0A1S3SDZ7",-0.0153752425887491
"A0A1S3PEJ3",-0.0153748526788624
"A0A1S3QCS5",-0.015374652603848
"A0A1S3RCV0",-0.0153742979069129
"A0A1S3SC40",0.0153735998611042
"A0A1S3QNR1",-0.0153715807418354
"A0A1S3SV14",-0.0153690272459818
"B5X4K0",-0.0153647177701366
"B5X858",-0.0153646878279597
"A0A1S3KRI4",-0.015364459492452
"B5DG80",-0.0153638845251884
"B5X868",-0.0153638273083701
"A0A1S3KT50",-0.015363365531011
"B5X3R1",-0.0153631297922419
"A0A1S3NEU1",-0.0153624053266544
"C0HAB4",0.0153623311092643
"A0A1S3LG74",-0.0153601871085573
"B5X425",0.0153601444438046
"A0A1S3KU77",-0.0153595351152276
"A0A1S3Q7A4",-0.0153571119437567
"A0A1S3RY85",-0.0153570342413189
"B9EP79",-0.0153569241058047
"A0A1S3PKN1",-0.0153556481297124
"B5XA45",-0.0153548434368137
"B5X112",-0.0153521937429547
"A0A1S3MQ93",-0.0153495593574079
"A0A1S3SNS3",-0.0153488697355326
"A0A1S3L1F9",-0.0153475272082758
"A0A1S3L4K7",-0.0153469104856133
"A0A1S3PA62",-0.0153465271953482
"A0A1S3SGZ5",-0.0153451422734195
"A0A1S3P2Q5",0.0153439640025504
"B5X2M4",-0.0153417126598672
"B5X5Z0",-0.0153416129408674
"A0A1S3MNL3",-0.0153399969837034
"A0A1S3PRD8",-0.0153388001354663
"A0A1S3LHE5",-0.0153375161589406
"A0A1S3MRF3",-0.0153356885583266
"A0A1S3QES5",-0.0153343087181005
"C0H9V0",-0.0153318310164636
"B5DG29",-0.0153310889301418
"A0A1S3S289",-0.0153284308068978
"A0A1S3PTF6",0.0153275219031067
"A0A1S3SLE0",-0.0153273831164494
"B5DGE9",-0.0153270298351879
"B3SRQ2",-0.0153269215684512
"B5XA77",-0.0153262138291712
"A0A1S3NC68",-0.0153261015975413
"A0A1S3S5P7",-0.0153235072997303
"A0A1S3LRV2",-0.0153231536010954
"A0A1S3QSK4",0.0153210470125034
"A0A1S3MSY4",-0.0153197609351555
"A0A1S3KJT2",-0.0153189258609533
"A0A1S3M3Z4",-0.0153186028550597
"A0A1S3SFI0",-0.0153172254803603
"A0A1S3SRC6",-0.0153172249960894
"A0A1S3SZQ9",0.0153171724680377
"A0A1S3PMA8",-0.0153163920741686
"A0A1S3P1Z3",-0.0153155106305227
"C0HBE5",-0.0153126258779301
"A0A1S3PYF5",-0.0153060353739063
"A0A1S3NLG5",-0.0153056011423643
"A0A1S3R860",-0.0153049956999017
"B5X6Z9",0.0153039778543536
"A0A1S3SGT2",-0.0153019919547104
"A0A1S3MPE9",-0.0153019091115987
"B5X4J2",-0.0152986770767182
"A0A1S3N6I0",-0.0152956358448551
"A0A1S3LC00",-0.0152935179901862
"A0A1S3NHZ2",-0.0152916409236522
"A0A1S3ND03",0.0152893441798562
"C0HBM0",-0.0152889147919431
"A0A1S3N9P2",0.0152887198483209
"A0A1S3PBN5",-0.015288462436403
"B5X161",-0.0152876290791348
"B5X1Z4",-0.0152871372453771
"A0A1S3PPX0",-0.0152856639889619
"A0A1S3S4Q2",-0.0152844513883255
"A0A1S3NA54",-0.0152819477343993
"A0A1S3RBT0",-0.0152798310970557
"A0A1S3L5F6",-0.0152795437280722
"A0A1S3PNZ2",-0.0152793705800787
"A0A1S3L689",-0.0152763185598299
"B5X2F6",-0.015275421228594
"A0A1S3T1Q4",-0.0152716135243861
"A0A1S3LGQ3",-0.0152705610510017
"A0A1S3PEY1",-0.0152694396339418
"B5DGC9",-0.015268580453529
"A0A1S3LEC1",0.0152673087082349
"A0A1S3REU6",-0.0152656504959079
"A0A1S3RI85",-0.0152637903100441
"A0A1S3QJD0",-0.015263376954551
"A0A1S3MGT8",0.0152580914995818
"A0A1S3LJN6",-0.0152579375783467
"C0HAE1",-0.0152577897067569
"A0A1S3N935",-0.0152553308997663
"B5X1K3",-0.0152518331347012
"C0HBJ4",-0.0152516200839308
"A0A1S3S1T0",-0.0152484380261634
"B5XGS6",-0.0152481159832498
"A0A1S3RC61",-0.0152478480492193
"A0A1S3MUU8",-0.0152465441747571
"A0A1S3QG36",-0.0152459973358796
"A0A1S3NZD7",-0.0152448816472455
"A0A1S3P319",-0.0152447295482788
"A0A1S3M124",-0.0152443868825155
"A0A1S3RPA8",-0.015244027296291
"A0A1S3LKV6",0.0152409198897481
"B8YBH8",-0.0152407423457399
"A0A1S3ME32",-0.0152406992983197
"A0A1S3SHT2",-0.0152385147222758
"A0A1S3KM32",-0.0152375416879225
"A0A1S3NV31",-0.0152372996999507
"A0A1S3P733",0.0152366705862326
"A0A1S3RZ19",-0.0152334376234059
"A0A1S3LBE6",0.0152333267661179
"A0A1S3NSZ4",-0.0152331301429108
"A0A1S3SJL0",-0.0152329291963811
"B5X8M2",-0.0152328188408209
"A0A1S3NG55",-0.0152292171478993
"A0A1S3RAC2",-0.0152275277841225
"C0H959",-0.0152225512257093
"B5X496",-0.0152211895252793
"A0A1S3QCE2",-0.0152207054271166
"B5DGX4",-0.0152196535038266
"A0A1S3RPZ1",-0.0152179407491773
"A0A1S3LK71",-0.0152168388579188
"A0A1S3RPK5",-0.0152165960322669
"A0A1S3T4X9",-0.0152164715368517
"A0A1S3RWP4",-0.0152156993222995
"A0A1S3RM85",-0.0152136608063791
"A0A1S3P035",-0.0152115491712915
"A0A1S3NGK9",-0.0152090020550825
"B5X5Q7",-0.0152087400586319
"B5XBQ0",0.0152069361034919
"Q0H925",-0.0152058070403421
"A0A1S3KSN7",-0.015204356482563
"A0A1S3SMK2",-0.0152022100512018
"A0A1S3NLI3",-0.0152018483930533
"B5XDD4",0.0152011959762841
"B5XCG2",0.0152011779452915
"A0A1S3SCW1",-0.0152007362594512
"A0A1S3KR21",-0.015200457469068
"A0A1S3LGV3",-0.0151998748192391
"B5XA49",-0.015199648683955
"A0A1S3RSB9",-0.0151995520351675
"C0HAF1",-0.015197710504473
"A0A1S3MGW2",-0.0151968335380694
"B5X1N3",-0.0151925917657419
"B5X0W0",-0.0151901329357352
"A0A1S3MVV2",-0.0151888411925331
"B9ENU8",-0.0151875173597274
"A0A1S3NAV0",-0.0151870357899036
"A0A1S3M6F7",-0.0151839162842404
"A0A1S3RTC6",-0.0151818843887535
"A0A1S3RF01",0.0151814791639017
"B5X2K6",-0.0151800843502957
"A0A1S3M698",-0.0151797335006379
"A0A1S3R725",-0.0151797208645275
"B5DG30",0.0151776594592901
"C0HBN2",-0.0151762290540241
"A0A1S3N0S4",-0.0151759065431053
"A0A1S3T405",-0.0151750468713317
"A0A1S3P0K6",-0.0151745033980742
"A0A1S3L0I7",-0.0151732855989758
"A0A1S3NAJ3",-0.0151730816862671
"A0A1S3QFS8",-0.0151708028275583
"A0A1S3N4M6",-0.0151700373894592
"A0A1S3LBL2",-0.0151693471087164
"A0A1S3NWR8",-0.0151693327413366
"A0A1S3PM80",-0.015169172225867
"B5X1S2",0.0151670666327306
"A0A1S3P0L0",-0.015166367909319
"A0A1S3QZI4",-0.0151641717349502
"A0A1S3MFP5",-0.0151616100159368
"A0A1S3RP11",-0.0151603500327508
"B5X9A8",-0.0151595657220601
"A0A1S3SWL3",-0.0151594682995683
"B5X4H4",-0.0151593184966493
"A0A1S3RM23",-0.0151588782177757
"B5X4Q7",-0.0151584739359038
"A0A1S3SF43",-0.0151524087551204
"A0A1S3KU80",-0.0151523202645093
"A0A1S3R9E7",-0.0151510028268601
"A0A1S3R7H9",0.0151502601677449
"B5X6P9",-0.0151501771124191
"A0A1S3MFK8",-0.015148514484315
"A0A1S3LPN9",-0.0151484150208492
"A0A1S3Q2B1",0.0151470547295727
"B5X5K3",-0.0151449195220194
"C0HAA7",0.0151447754337492
"A0A1S3SYT5",-0.0151441137175267
"A0A1S3M7W7",-0.0151430737104029
"A0A1S3MXP5",-0.0151409711761041
"B5XFL9",-0.0151404081513404
"A0A1S3KQF3",-0.0151403804065335
"A0A1S3SEY0",-0.0151396584462597
"B5X5I4",-0.015138809693929
"A0A1S3NBG8",-0.015137803374874
"A0A1S3SBS3",-0.0151368165741683
"A0A1S3M444",-0.0151365297948828
"B5DGU4",0.0151354713872787
"A0A1S3QF15",-0.0151321044470206
"A0A1S3LB80",-0.0151318992836731
"A0A1S3QZ16",-0.0151315678899307
"A0A1S3R531",0.0151308046315946
"A0A1S3NF00",-0.0151260581047011
"A0A1S3Q0K7",-0.0151245139200403
"A0A1S3M618",0.015122695684179
"A0A1S3RCI4",-0.0151168266448847
"A0A1S3NSZ8",-0.0151165010968752
"A0A1S3Q1N9",-0.0151162387243872
"A0A1S3P7Q7",-0.0151146692412648
"B5X2G8",-0.0151115222632991
"B5X4K4",-0.0151111320822903
"A0A1S3NDP5",-0.015108677294889
"B5X146",-0.0151082746080911
"A0A1S3M3F8",-0.0151076250097807
"A0A1S3MN01",-0.0151061928124234
"A0A1S3LU90",-0.0151034901455187
"B5XF60",-0.0150995131008765
"A0A1S3PKG8",-0.0150986984991289
"B5X837",-0.0150982740559401
"A0A1S3Q6H5",-0.015094624481642
"A0A1S3QIX6",-0.015094524479431
"A0A1S3S557",-0.0150909841102143
"A0A1S3LUK3",-0.0150906476753748
"A0A1S3P770",-0.0150850590984793
"A0A1S3SRG1",-0.0150832285914405
"A0A1S3RT98",-0.0150816340424054
"A0A1S3LVX5",-0.0150749672009497
"B5XFK1",-0.0150742274316664
"B5X9D0",0.0150735604932428
"B5X7K9",-0.0150731293875737
"A0A1S3RL10",-0.0150684239372268
"A0A1S3P6Q1",-0.0150680416065028
"A0A1S3S5I0",-0.0150673849213705
"A0A1S3N1G1",0.0150672651648031
"A0A1S3PXR2",-0.0150649723757105
"A0A1S3KQC7",-0.0150629813554299
"A0A1S3Q9C9",-0.0150622212585478
"B5XFY7",-0.0150616770988046
"A0A1S3LCC6",-0.0150592796745694
"A0A1S3M1Q3",-0.0150586897748146
"B5XCY6",-0.0150585276221338
"B5X1H9",-0.0150575628414866
"A0A1S3M3Q1",-0.0150556966920262
"A0A1S3LTW7",-0.0150490664556409
"A0A1S3NBJ8",-0.0150459497966116
"B5X2R7",-0.0150451714212547
"B5X3U7",-0.0150451658834113
"B5X2G6",-0.0150435456995928
"A0A1S3KSM7",0.0150425417396225
"A0A1S3SN33",-0.0150409529926909
"A0A1S3Q112",0.0150396004256059
"B5X865",0.0150391305334501
"A0A1S3L499",-0.015037796543681
"A0A1S3S4I1",-0.0150333500315167
"A0A1S3R7P0",-0.0150333224699549
"A0A1S3LFG4",-0.0150325103234693
"A0A1S3L238",-0.0150324017610662
"A0A1S3S016",-0.0150297428284124
"A0A1S3PN64",-0.0150283655863232
"B5X4S7",-0.0150245037498906
"A0A1S3T388",-0.0150243748168516
"C0H9B8",-0.015021120934343
"B5X4S5",-0.0150199971092145
"B5X198",-0.0150192241573655
"A0A1S3QRS8",-0.0150188963852666
"A0A1S3LM96",-0.0150187758761837
"A0A1S3NSI1",-0.0150162668694157
"A0A1S3NXR9",-0.0150098415589145
"B5RI54",-0.0150059132175436
"Q98992",-0.0150048315607014
"A0A1S3NFH3",-0.0150047187779427
"A0A1S3QPK6",-0.0150030498291052
"A0A1S3L6Z0",-0.015001869926626
"A0A1S3NBJ0",-0.0150010736670662
"A0A1S3NUB3",-0.0150010438249265
"B5X105",-0.0150004521355393
"A0A1S3MTW3",-0.0149995338064712
"A0A1S3Q0Z1",-0.0149935938452849
"A0A1S3MTL4",0.0149918876639279
"A0A1S3NAQ0",-0.0149912221656006
"A0A1S3RP21",-0.0149877025713615
"A0A1S3L1Y3",-0.0149875276433485
"A0A1S3RLW4",-0.0149859650238638
"A0A1S3PS03",-0.0149849506355306
"A0A1S3L1E7",-0.0149816613444469
"A0A1S3KLZ9",-0.014981547185502
"A0A1S3N5W6",-0.0149810883118471
"A0A1S3S9Q1",-0.0149807194110264
"A0A1S3REQ8",-0.01497904646947
"A0A1S3PJC4",-0.0149785377065176
"A0A1S3PY13",0.0149780733858801
"A0A1S3MIS7",-0.0149779412825231
"A0A1S3RS27",-0.0149776764165644
"A0A1S3LRQ6",-0.014976099240332
"N0GT48",0.0149753219960847
"A0A1S3Q9J0",-0.0149741035224597
"A0A1S3RUP2",-0.0149728769495991
"B5X2X6",0.0149719719736762
"A0A1S3NTN8",0.0149695616702616
"A0A1S3Q9M5",-0.0149694819771001
"B5X1T5",0.0149689906379942
"A0A1S3QBB9",-0.0149681329508415
"B5X2C6",-0.0149663471755549
"A0A1S3P174",-0.014966291991406
"A0A1S3LRY7",-0.0149631016840198
"A0A1S3M5D6",-0.0149590713703989
"A0A1S3M7G7",-0.0149581434071746
"B5X2I4",-0.0149573562801879
"A0A1S3LKV4",-0.0149568172303972
"A0A1S3MU92",-0.0149560483441793
"A0A1S3SA24",-0.0149526658832716
"A0A1S3RZI7",-0.0149508541871255
"A0A1S3T4Q3",-0.0149505905702877
"A0A1S3T3T5",-0.014948201140396
"A0A1S3R9D6",-0.0149480776626581
"A0A1S3SYU7",-0.0149475893795276
"B5XBH7",-0.0149445480934776
"A0A1S3MD37",-0.0149438792608237
"A0A1S3P345",-0.0149435139608578
"A0A1S3MPI9",-0.0149432019726275
"A0A1S3T2F3",0.0149422760066767
"A0A1S3SA02",-0.0149420140175679
"A0A1S3QSN5",-0.0149407153532773
"A0A1S3M6Q7",-0.0149401575912854
"A0A1S3MWP4",-0.0149386914547802
"B5X424",-0.0149371821384629
"A0A1S3KX88",-0.0149361009862432
"B5X2Z5",-0.0149360632351219
"A0A1S3RA55",-0.014935839867705
"A0A1S3N023",0.0149331671326149
"A0A1S3MCV1",0.0149307335281122
"A0A1S3PXF3",-0.0149299376817619
"A0A1S3SFT0",0.0149291731140843
"Q8QG64",-0.0149290579622173
"B5X195",-0.0149242680166249
"A0A1S3LBW0",-0.0149209833427204
"B5RI63",0.0149201817327961
"A0A1S3SEV9",-0.0149197416304224
"A0A1S3LIT5",-0.014919099456407
"A0A1S3QJW5",-0.0149187463400094
"C0H8V2",-0.0149170653440809
"A0A1S3LIH0",-0.0149151520742408
"A0A1S3LHN9",-0.0149149839402563
"B5X6K4",-0.0149122541686356
"B5X5I8",-0.0149086038577143
"B5X1E4",-0.0149076540495303
"A0A1S3NNE6",-0.0149069956523084
"A0A1S3N5G2",-0.0149034247719182
"A0A1S3PPX3",-0.0149026276363335
"A0A1S3RQV1",-0.0148988339576351
"A0A1S3NTH4",-0.0148985034806765
"B5X0T5",0.0148970717289742
"A0A1S3QNF2",-0.0148969949888526
"B5DGJ2",-0.0148962771580748
"A0A1S3LUF9",-0.014895627161139
"B5XAP3",-0.0148954085690534
"A0A1S3MDI3",0.0148930214402129
"B5X401",-0.0148909404180756
"B5X9Z2",-0.0148908621794746
"A0A1S3NCV5",-0.0148898256189607
"A0A1S3RHE6",-0.0148896731080992
"B5X5K5",-0.014888794218307
"B5X1E9",-0.0148874348078548
"A0A1S3QBU1",-0.01488702035309
"A0A1S3S2I6",-0.014886425946204
"A0A1S3PCX0",-0.0148856400877887
"A0A1S3T4D8",-0.0148852769668551
"C0H8J4",-0.0148802968915491
"A0A1S3M2P2",-0.0148796901761867
"B9EPG3",-0.0148793194156587
"A0A1S3PU49",-0.0148789231215335
"B9EL71",-0.0148788398221335
"A0A1S3SDB6",-0.0148785317674158
"B5X6T8",0.0148782129811395
"A0A1S3NRU9",-0.0148768407370428
"A0A1S3RT68",-0.0148756020476522
"A0A1S3LZV2",-0.0148733724501908
"A0A1S3KTX5",0.0148716814326897
"A0A1S3SP98",-0.0148699241458508
"B9ENH0",0.0148637145070176
"B5XD35",-0.014862258996233
"A0A1S3PVA3",-0.0148617937320787
"B9EMY6",-0.0148612437541385
"A0A1S3LER1",-0.0148587889858327
"A0A1S3MRZ4",-0.0148582542720811
"A0A1S3P7P5",-0.0148565611618307
"A0A1S3PBN2",-0.0148558454891088
"C0HBJ1",-0.014854611846154
"A0A1S3S5S2",-0.014854444411861
"A0A1S3N325",-0.0148539316823683
"Q4ZHV0",-0.0148537842469939
"A0A1S3MPC3",-0.01485021150218
"A0A1S3PTM8",0.0148498043021286
"A0A1S3PFN3",-0.0148492649680237
"B9EMG5",-0.0148470553600657
"A0A1S3RZK7",-0.0148467496193426
"A0A1S3Q4Z4",-0.0148457766910794
"E0R7W0",-0.0148455766923456
"A0A1S3T584",0.0148454800393945
"B5X989",-0.0148446726470989
"A0A1S3SGW5",-0.0148406671732687
"B5X332",-0.014840207913557
"B5X311",-0.01483744219701
"A0A1S3Q2Q3",-0.0148342301473947
"A0A1S3QTI1",-0.0148331613318288
"A0A1S3QJ18",-0.0148318060507611
"A0A1S3NJ33",-0.0148304902248147
"A0A1S3L2V5",-0.0148298743743711
"B5XCC7",-0.0148279148713844
"B5X4J1",-0.0148272672707326
"A0A1S3P3C6",-0.0148263398606285
"A0A1S3NFA0",0.014825928485601
"A0A1S3RNY9",-0.0148256236612301
"A0A1S3MVC1",-0.0148240827244042
"A0A1S3PV45",-0.014823321117062
"A0A1S3SME1",-0.0148229637938045
"A0A1S3LGD9",-0.014820999022102
"B5X8A8",0.0148198346205424
"B5X100",-0.0148152441192833
"A0A1S3NL92",-0.0148148174838118
"A0A1S3R889",0.0148137388214534
"A0A1S3T330",-0.01481352168559
"A0A1S3NLP8",-0.0148122604682327
"A0A1S3KLR8",-0.0148122429869991
"A0A1S3ME03",-0.0148100969949879
"B5DGF7",-0.0148100624959779
"B5XG28",-0.0148097140161681
"B5X3Z2",-0.0148080788795675
"A0A1S3LXZ8",-0.014806636265601
"A0A1S3N2R0",-0.0148033996897991
"Q70SU8",-0.0148019615720718
"A0A1S3SNZ3",-0.0147941760270239
"A0A1S3SY65",0.0147931357839895
"A0A1S3SR62",0.014792510641542
"A0A1S3MQH5",-0.0147918342329904
"B5DGS3",-0.0147913178045283
"B5X4M9",-0.0147907579202747
"A0A1S3MAK0",-0.0147905902036602
"A0A1S3Q4S2",-0.0147901664380516
"B5X499",-0.0147896811908181
"A0A1S3RKF0",-0.0147895276841773
"A0A1S3QBF0",-0.0147880472518727
"A0A1S3RYP1",-0.0147865694981435
"C0H9S3",-0.0147841654259747
"A0A1S3MB09",-0.014783517052367
"B5X8G5",-0.0147834477770117
"C0HAW1",0.0147812149942134
"A0A1S3QI41",-0.0147760148076328
"A0A1S3MMZ0",-0.0147757628615619
"B5DGG8",-0.0147743084429237
"A0A1S3RW90",-0.0147698358277467
"A0A1S3SG06",-0.0147672708115102
"A0A1S3MFM3",-0.0147669764571581
"B5XA53",-0.0147654934976795
"A0A1S3M3Y6",-0.0147636731601213
"A0A1S3KXP4",-0.0147627889545034
"A0A1S3R609",0.014759086349768
"A0A1S3SQN9",-0.014754282824816
"A0A1S3PEL4",-0.0147541130521301
"B9ENM2",-0.0147538415919505
"A0A1S3L7S4",-0.0147509568361116
"C0HAN5",-0.0147508613905169
"A0A1S3SP12",-0.0147468228051182
"A0A1S3NQ81",0.0147459526120964
"A0A1S3RH36",-0.0147457997689965
"A0A1S3MPV5",-0.01474271818881
"A0A1S3SWQ6",-0.014740965726092
"A0A1S3RRK5",-0.0147407695052283
"B9EQH0",-0.0147384853735356
"A0A1S3R483",0.0147376224300159
"A0A1S3LN87",-0.0147360558721424
"A0A1S3PEW6",-0.0147351328540129
"A0A1S3QEX0",0.0147344673544954
"A0A1S3NE40",-0.0147317179997086
"A0A1S3LGI2",-0.0147294324142789
"A0A1S3MVL7",-0.0147278310428609
"B9ELT8",-0.0147239588543003
"B5X6S9",-0.0147236703462066
"A0A1S3M0F4",-0.0147212336319539
"A0A1S3PU95",-0.0147206608545721
"C0HAB7",-0.0147205578875623
"A0A1S3PFK5",-0.0147195092977017
"A0A1S3LIF5",-0.0147166914964258
"A0A1S3PIL4",-0.0147166914277414
"A0A1S3NJR7",-0.014714523775186
"A0A1S3RQ18",-0.0147143855682583
"A0A1S3SQS4",-0.014711880142898
"A0A1S3N3X9",-0.0147115329139482
"A0A1S3LG93",-0.0147094792636608
"C0HAV7",-0.0147090202337394
"A0A1S3MAI1",-0.014703677107819
"A0A1S3PM81",-0.0147027452644735
"A0A1S3LP43",-0.0147013849235205
"A0A1S3N703",-0.0147004954643207
"A0A1S3SC94",-0.0146982883814398
"A0A1S3Q0U9",-0.0146977769408172
"A0A1S3RYX7",-0.0146975215889162
"A0A1S3MY78",-0.0146973258174916
"B5DG79",-0.0146960143546809
"A0A1S3Q296",-0.0146947750492088
"A0A1S3KTZ7",-0.0146939727756358
"B9EL19",-0.0146939409395398
"A0A1S3RCT0",-0.0146925383401893
"A0A1S3QMA8",0.014690205201709
"A0A1S3NFC7",-0.0146886511080355
"A0A1S3SFN9",-0.0146862093158617
"A0A1S3LY39",-0.0146853732200285
"A0A1S3MGI3",-0.0146840081204661
"A0A1S3S1Q1",-0.0146828935889877
"A0A1S3MM49",-0.0146820235340482
"A0A1S3NHE1",-0.0146815329937882
"C0H987",0.0146806218738291
"A0A1S3KJZ4",-0.0146775355223743
"A0A1S3P982",-0.0146741495327523
"A0A1S3NJK2",-0.0146739850279222
"B5X115",-0.0146733743792849
"A0A1S3LQ86",-0.0146712867569425
"A0A1S3NYB3",-0.0146695686829062
"A0A1S3SXP2",0.0146651463161962
"A0A1S3LJZ2",-0.0146650701403225
"A0A1S3T0C2",-0.0146648144422328
"A0A1S3KIX0",-0.0146632614009423
"A0A1S3L8J7",-0.0146632348336131
"A0A1S3L589",-0.0146624901595044
"A0A1S3QWR7",0.0146584387031031
"A0A1S3NPQ1",-0.0146581629864381
"A0A1S3LIU0",-0.01465734913314
"A0A1S3M2P9",-0.0146543116449355
"A0A1S3S1L2",-0.0146466804559042
"A0A1S3PF00",-0.0146449940198995
"A0A1S3LBY2",-0.0146439471992143
"B5XEN8",-0.0146435613149219
"B5X6Q9",-0.0146404061297819
"B5DG62",-0.0146401741419439
"A0A1S3L719",-0.0146398338420305
"A0A1S3M1G9",-0.014637010732438
"A0A1S3M4T6",-0.014634123098659
"A0A1S3KIM4",-0.0146339113429667
"A0A1S3M084",-0.0146317435389871
"A0A1S3N1W1",0.0146311723348378
"A0A1S3S1Q4",0.0146300753437804
"A0A1S3LXL3",-0.0146289118610452
"B9EMT3",-0.0146268421593591
"A0A1S3Q0P7",-0.0146264551513383
"A0A1S3RFV9",-0.0146259751912266
"B5X3U1",0.0146210187556112
"A0A1S3KSM2",-0.0146199562224461
"A0A1S3LC12",-0.0146170693338069
"A0A1S3P011",-0.0146145565884107
"A0A1S3RDK4",-0.0146125436283537
"A0A1S3LGV0",-0.01461173417188
"A0A1S3NNT4",-0.0146111223156127
"A0A1S3S717",-0.0146082391053191
"A0A1S3KMB4",-0.0146070880529809
"B5X0Z8",-0.0146049064695404
"A0A1S3MM80",-0.0146047770921555
"A0A1S3Q9H6",-0.0146033039907016
"A0A1S3Q5H9",-0.0146021927538271
"A0A1S3RQN9",0.0146010079394244
"A0A1S3L6V7",-0.0145980565394727
"B5X1B5",0.0145962371889571
"B5X1A0",-0.0145931646916112
"A0A1S3R169",-0.0145922755302542
"A0A1S3RS80",-0.014591235262739
"A0A1S3R976",-0.0145899993094482
"A0A1S3KNY7",0.0145897791482234
"B5XDU6",-0.0145896342170707
"C0H911",-0.0145883656493284
"A0A1S3N8X3",-0.0145855548573546
"A0A1S3M181",-0.0145831205278822
"B5X7D3",-0.0145811912685294
"A0A1S3P9N4",-0.0145808544807399
"A0A1S3SN23",-0.0145804308748729
"C0HBC4",-0.0145801080643703
"A0A1S3KYJ4",-0.0145800298324887
"A0A1S3NWJ1",-0.0145787442784708
"A0A1S3L6U4",-0.0145753221094451
"A0A1S3M6P7",-0.0145748232534728
"B5XA83",-0.0145732782015108
"A0A1S3P0S8",-0.0145657461865978
"A0A1S3M5V5",-0.0145648893914574
"A0A1S3T6W5",-0.0145633906357252
"A0A1S3SBA7",-0.0145619521111665
"B5X168",-0.0145609221023091
"A0A1S3R4V2",-0.0145565224848814
"A0A1S3RAG3",-0.014555594844857
"C0HB57",-0.0145553994021882
"A0A1S3S6H3",-0.0145544413160259
"A0A1S3L6E3",-0.0145478886087376
"B5X2G1",-0.0145476933508956
"B5X3H8",-0.0145466892682721
"A0A1S3LQ87",-0.0145454498958013
"A0A1S3KP24",-0.0145439669665652
"A0A1S3M906",-0.0145433526630185
"A0A1S3LAE9",-0.0145424092251004
"A0A1S3NEB6",-0.0145383656454476
"A0A1S3SCN0",-0.0145377352180291
"A0A1S3SPD2",-0.0145373238612608
"A0A1S3MDK3",-0.0145366314143372
"A0A1S3S1C0",-0.0145361183162693
"B5XFJ9",-0.0145353402489635
"A0A1S3LLK3",-0.0145335458844358
"A0A1S3MQH3",-0.0145332861943052
"A0A1S3S297",-0.0145329357293742
"A0A1S3M923",-0.0145297076197981
"A0A1S3NB18",-0.0145243265010923
"A0A1S3T508",0.0145229218243631
"A0A1S3Q6U3",-0.0145222092146507
"A0A1S3NZU3",-0.0145208934354547
"C0HBQ0",-0.0145189756406733
"A0A1S3R778",-0.0145176644006352
"B5X4A1",0.0145176095395814
"A0A1S3M1Y7",-0.0145172229558471
"A0A1S3PT89",-0.014517203337432
"A0A1S3P7U3",-0.0145168531761181
"B5XAH1",-0.0145168028282413
"A0A1S3MVM2",-0.0145154750009007
"A0A1S3P2F0",-0.0145138543896322
"A0A1S3KXY6",-0.0145135187300799
"A0A1S3S9J9",-0.0145127212355158
"A0A1S3S558",0.0145100952459124
"A0A1S3MAD2",-0.0145097895260913
"A0A1S3LCG4",-0.014506829702023
"A0A1S3RYY4",-0.0145064387077374
"A0A1S3L722",-0.0145050047390183
"A0A1S3SHG0",-0.014504124197458
"A0A1S3P133",-0.01450404703732
"A0A1S3M1V2",-0.0145040295132668
"A0A1S3S5A7",-0.0145024063135247
"A0A1S3M717",-0.0145013891630769
"B5X3H4",0.0145008356949453
"Q7ZZK9",0.0145007574775325
"C0HB77",-0.0145005285475876
"A0A1S3MDA0",-0.0144993653384282
"A0A1S3MD89",-0.0144952603597478
"A0A1S3RIB6",-0.0144947049145557
"A0A1S3NRI0",0.014494013804889
"A0A1S3Q0S9",-0.0144939038921044
"A0A1S3M6M4",-0.014492320147205
"A0A1S3PK41",-0.0144916516601407
"A0A1S3NY30",-0.0144888076612201
"B9EMD5",-0.0144879994583451
"A0A1S3QF21",-0.0144872733116608
"B5XDF3",-0.0144867184579681
"A0A1S3RPF3",-0.0144865177511248
"A0A1S3R762",0.0144863427876956
"C0HA45",0.014486334308779
"A0A1S3M3Z2",-0.0144853163307714
"B5XC94",-0.0144825629122009
"B5DG50",-0.0144806113403856
"A0A1S3PFZ3",-0.0144800067049685
"A0A1S3PWG3",-0.0144795411347278
"A0A1S3QBN2",-0.0144768389790316
"A0A1S3L4W3",-0.0144755796790457
"A0A1S3MWB6",-0.0144669033680674
"A0A1S3S0D0",-0.0144628766466831
"A0A1S3MQA7",-0.0144624142362615
"A0A1S3MDT3",-0.0144612327874875
"A0A1S3S370",-0.0144606978049156
"A0A1S3RPY4",-0.0144583345251076
"A0A1S3NMY0",-0.0144576896850683
"A0A1S3PMC8",-0.014454313456857
"A0A1S3R4W3",-0.0144515328453939
"B5X0Z2",-0.0144513355683825
"A0A1S3PBD8",-0.0144479007066532
"A0A1S3S9N0",-0.0144471829011505
"B5X398",-0.0144470856097007
"A0A1S3N3X7",-0.0144415672504629
"A0A1S3LXN1",-0.014441536530385
"A0A1S3N6E2",-0.0144388569609359
"B5DGA5",-0.0144368572098
"B5X231",-0.014435461871204
"A0A1S3STR2",-0.0144344900947747
"A0A1S3RR04",0.01443047404325
"A0A1S3ST48",-0.0144303601153957
"B5XAM0",-0.0144281919132743
"A0A1S3SEB9",0.0144271844485952
"A0A1S3Q3D4",-0.0144212420952812
"A0A1S3M924",-0.0144165003836412
"A0A1S3NSU1",-0.01441550414425
"A0A1S3T4H4",-0.0144153202277073
"A0A1S3R8J6",-0.0144128305446284
"B9EMM0",-0.0144106332002412
"A0A1S3KNL3",-0.0144085832427827
"A0A1S3NR76",-0.0144082961149263
"A0A1S3SPB1",-0.0144053049886114
"A0A1S3LSZ3",-0.0144050841484258
"A0A1S3QTK9",-0.0143996984203106
"B2XBN7",-0.0143994676056601
"A0A1S3PWT1",-0.0143992447336739
"B5X1W0",-0.0143989437171564
"B5X2F0",-0.0143957207108925
"Q91473",-0.0143947852088951
"A0A1S3ME06",0.0143914061745334
"C0H8Y0",-0.0143909605971161
"A0A1S3SBF4",-0.0143863905102789
"A0A1S3T4A2",-0.014383925681824
"A0A1S3R8S7",-0.0143828242716943
"A0A1S3MJU3",-0.0143814180678599
"A0A1S3NLB9",-0.0143809573123694
"A0A1S3KV66",-0.0143806245016727
"A0A1S3RBM5",-0.0143804465995339
"A0A1S3SEC2",-0.0143770372751856
"B5XFC2",-0.014376079791833
"C0H8L4",-0.0143743117033427
"A0A1S3PYN9",-0.0143741710327048
"A0A1S3RNX9",-0.0143736933525174
"B5X2C9",-0.0143722833362854
"A0A1S3RH92",-0.0143710793599128
"A0A1S3SUY3",-0.0143669456893083
"B5DGJ4",-0.014366041761549
"A0A1S3PUA3",-0.014363840901943
"A0A1S3MQT7",-0.0143630174032798
"A0A1S3S9Z7",-0.0143602047104803
"A0A1S3PVR7",-0.0143583607173458
"B5X171",-0.0143582574943958
"A0A1S3L5E5",-0.0143554203570366
"A0A1S3PGN9",-0.0143552501256835
"A0A1S3RN46",-0.0143545043668893
"B5DGK0",-0.0143525840801531
"A0A1S3S0A9",-0.0143495303241958
"B5XC31",0.0143493496713453
"A0A1S3SDL6",-0.0143464046481952
"A0A1S3M5S2",0.0143456652757053
"B5XF49",-0.0143454420737552
"A0A1S3NVF4",-0.0143442643432542
"B5XAG8",-0.0143435393141861
"A0A1S3LHJ2",-0.0143434575372597
"B5X1P1",-0.0143414510252231
"A0A1S3M4U1",-0.0143393361688239
"A0A1S3QS65",-0.0143370275649223
"A0A1S3Q0X6",0.0143352419412778
"A0A1S3LD54",0.0143340936828654
"B5DFX7",0.0143339504682302
"B5X3Q9",-0.0143337043621781
"A0A1S3P1U6",-0.0143335977095082
"A0A1S3RAQ6",-0.0143329367837517
"A0A1S3PW70",-0.0143326566062572
"B5X8V4",-0.0143320772369711
"B5X9T8",-0.0143312937811792
"A0A1S3KY68",-0.0143295207891144
"C0H9D6",-0.0143295123027983
"A0A1S3Q7M0",-0.0143294782366121
"A0A1S3S9Z3",-0.014325133894708
"A0A1S3NIG9",-0.0143249539609259
"A0A1S3M5S8",0.0143248084921328
"A0A1S3LX16",-0.0143239181666894
"A0A1S3R5Z4",0.0143212599605719
"A0A1S3SKJ2",-0.0143190881574893
"A0A1S3PVY8",-0.0143187167665254
"A0A1S3QWX1",-0.0143177772516462
"A0A1S3QDK7",-0.0143162593169055
"A0A1S3KQH4",-0.0143160548753754
"A0A1S3R6J5",-0.0143156416734474
"B5XD42",-0.0143109778790393
"A0A1S3N720",-0.0143088968374616
"B5X5W3",-0.0143081173515108
"B5RID1",-0.0143046263951511
"B5XGN0",-0.0143039105270381
"B9EQH8",-0.0143014437084162
"A0A1S3S0V5",0.0143012451476493
"A0A1S3NBT4",-0.014299902927205
"A0A1S3RMB1",-0.0142998107538964
"A0A1S3L7Y5",-0.0142996602497924
"A0A1S3RDT6",-0.0142992096648316
"B5DG46",-0.0142991563187193
"A0A1S3M178",-0.0142962490859962
"A0A1S3Q4M8",0.0142945263427563
"A0A1S3KYI2",-0.0142933162796277
"A0A1S3PU23",-0.0142899570432417
"A0A1S3T1D7",-0.0142870653438281
"A0A1S3N475",-0.0142843754109321
"A0A1S3LYN3",-0.0142837520033041
"A0A1S3QN89",-0.0142811699976251
"A0A1S3LV75",-0.0142800510168428
"C0H968",-0.0142792717109056
"A0A1S3RUC3",-0.0142775862845014
"A0A1S3PEJ0",-0.0142768296300573
"B5X8P6",-0.0142763268748993
"A0A1S3L758",-0.0142741888121921
"B5X0S9",0.0142696904734295
"A0A1S3L1F6",-0.0142695054346954
"B5DGH5",-0.0142685344586799
"A0A1S3QNI9",-0.0142660337312262
"A0A1S3LI01",0.0142652446824567
"A0A1S3NSC2",-0.0142603288910656
"A0A1S3RNT8",-0.0142596729032099
"A0A1S3L7E7",-0.014259279086092
"A0A1S3QQ82",-0.0142582598116514
"A0A1S3SUT9",-0.0142578601823468
"A0A1S3MLI2",-0.0142577365171624
"A0A1S3S4G6",-0.0142575924783739
"A0A1S3MD18",0.0142529496836067
"C0H904",-0.0142509037738752
"A0A1S3Q6S5",-0.0142505975589305
"A0A1S3SPJ9",-0.0142498889694881
"A0A1S3L8L7",-0.0142483229764529
"A0A1S3SD14",-0.0142462621007345
"B5XFT9",-0.0142451656007901
"A0A1S3NPS0",-0.0142451350506525
"A0A1S3NSC7",0.0142441562437548
"B5XDP1",-0.0142439500758896
"A0A1S3R1K9",-0.0142438219888719
"A0A1S3NJY8",-0.0142436670780542
"A0A1S3P4B3",-0.0142422584059304
"A0A1S3SC61",-0.0142351590468395
"A0A1S3MGS8",-0.0142307984326764
"A0A1S3M768",-0.0142273960046491
"B5DGJ9",-0.014226741768595
"B5X4D6",0.0142200172138287
"A0A1S3N5C6",-0.0142193821153305
"B5XEB9",-0.0142182234935876
"A0A1S3SKJ8",-0.0142157862505823
"B9EM19",-0.0142140568375512
"A0A1S3QN44",-0.0142140030197728
"A0A1S3R6Q6",-0.0142139027238531
"A0A1S3NBS9",-0.0142113123031523
"B5X3H2",-0.0142092887459346
"A0A1S3LRY3",-0.0142088676521371
"B9EMG3",-0.014208393641882
"A0A1S3R1W4",0.0142071588855766
"A0A1S3QFH9",-0.0142053527040931
"A0A1S3T143",0.0142031724040084
"A0A1S3SMD4",0.0142011050487716
"A0A1S3STA1",-0.014200763918343
"C0HAV9",-0.0141994397768505
"A0A1S3L9J8",0.0141980967341565
"A0A1S3MNT9",-0.0141944300014144
"B5XGX0",-0.0141928324940513
"B9ELF2",-0.0141898176945342
"A0A1S3L2R4",-0.0141897205069823
"B5X2X7",-0.0141886993447571
"B5X2W3",-0.014188471763022
"A0A1S3M3V9",-0.0141868900481726
"C0H8H4",-0.0141860098222506
"B5X126",0.014185420976649
"B5DGJ1",0.0141848359303178
"A0A1S3MS13",-0.0141829304315817
"B5X109",-0.0141812319233896
"B5X2H8",-0.0141804454965383
"A0A1S3MNP8",-0.0141731858764339
"C0H9U0",-0.0141729339830524
"A0A1S3MFS9",-0.0141689121037937
"A0A1S3SHZ7",-0.0141688503999068
"A0A1S3T6P1",-0.0141682588554597
"C0H939",-0.0141681173937458
"A0A1S3QAU1",-0.0141676544569863
"A0A1S3RQ38",-0.0141654285725406
"A0A1S3L9M5",-0.0141654145231816
"B5XGI6",0.0141633011904163
"A0A1S3SMC9",-0.0141613987765788
"A0A1S3PGS5",-0.0141584175527889
"A0A1S3PYD2",-0.0141571625327645
"B5X973",-0.0141560969457932
"A0A1S3PJB0",-0.0141528275761035
"A0A1S3LHB0",-0.0141515508924566
"A0A1S3M5K5",-0.014149775178771
"A0A1S3SIU1",-0.0141489477476307
"A0A1S3MP94",-0.0141464782524005
"A0A1S3NFY5",-0.014144695587348
"A0A1S3P4K1",0.0141446190579261
"B9EMH3",-0.0141404166695382
"B5DH24",-0.0141391062666065
"A0A1S3MXP7",-0.0141384199158768
"A0A1S3SYC2",-0.0141384095841328
"A0A1S3PXL5",0.0141376876305589
"C0H9Z9",-0.014136223132334
"A0A1S3QVZ1",-0.0141326088439781
"A0A1S3NE69",-0.014132159658187
"A0A1S3NJE2",-0.0141300675328951
"A0A1S3LC33",-0.0141285132214503
"A0A1S3RQB3",0.0141281564830641
"A0A1S3MQD0",-0.0141268754228262
"A0A1S3N7K7",0.0141240811585662
"A0A1S3M8I6",-0.0141232437857827
"A0A1S3PQ15",-0.0141228883397118
"B5X7T5",-0.0141213787739893
"A0A1S3MFW8",-0.014119043118696
"A0A1S3SB33",-0.0141183667758861
"A0A1S3Q3L8",-0.0141183667191884
"A0A1S3KZT9",-0.0141162893480309
"B5XAN0",-0.0141160759289593
"A0A1S3QTX1",-0.0141150507120399
"A0A1S3SYG3",-0.0141150396035689
"C0HB38",-0.0141109422074456
"C0H962",-0.0141105791140523
"B5X4R2",-0.0141061432123968
"B5X2H9",0.0141032152729136
"A0A1S3Q065",0.0141031519812849
"A0A1S3PVX5",-0.0141028850425921
"A0A1S3MB88",-0.0141027625428916
"A0A1S3RM98",-0.0141014333651396
"A0A1S3T539",-0.0141008451606763
"C0HBH7",-0.0141003226611529
"A0A1S3M6F1",-0.0140978359639657
"B5XBH3",-0.0140974506195134
"A0A1S3MYX2",-0.0140952722698021
"B5XB89",-0.0140932142666656
"A0A1S3S6E7",-0.0140885214787299
"A0A1S3SNY1",-0.0140840210080502
"A0A1S3RC29",-0.0140837689356425
"A0A1S3MTX9",-0.0140829561581442
"A0A1S3QI17",-0.0140827195061871
"A0A1S3LCP7",-0.0140819382887835
"B5XFX6",-0.0140788395541985
"A0A1S3L2N5",-0.0140785677703104
"B5X674",-0.0140781401695022
"A0A1S3Q5C7",-0.0140711142196777
"A0A1S3MN53",-0.0140697064797416
"C0H9N7",-0.0140691318481193
"A0A1S3PCL0",0.0140656692135475
"B5XFR3",0.0140651280050815
"A0A1S3LF38",-0.0140648834350985
"A0A1S3S5L1",-0.0140642769999234
"A0A1S3PZ28",-0.0140610314001902
"A0A1S3RCI0",-0.0140608807889731
"A0A1S3STD8",-0.0140585508559169
"A0A1S3S9U7",-0.0140584950205994
"A0A1S3S7W2",-0.0140577076584059
"A0A1S3QE25",-0.0140551160695549
"A0A1S3PE50",-0.0140534636106479
"B5X316",-0.014052898656941
"A0A1S3LZV5",-0.0140528449995579
"A0A1S3MVD4",-0.014052275256078
"A0A1S3NSE4",-0.0140514851793253
"A0A1S3SYN1",-0.0140495650570742
"A0A1S3M043",-0.0140490063605146
"A0A1S3Q168",-0.0140486492179443
"A0A1S3KSV7",-0.0140485206341037
"A0A1S3P6B2",-0.0140484049108802
"A0A1S3PNL5",-0.0140475034599396
"A0A1S3Q5U1",-0.0140473422690401
"A0A1S3PJ17",-0.0140469499859552
"A0A1S3N0F0",-0.0140465507932584
"A0A1S3MFV9",-0.0140448931523799
"A0A1S3MKT3",-0.0140439535817846
"A0A1S3LA46",-0.0140424034117598
"A0A1S3M0U3",-0.0140387543867252
"A0A1S3RKQ5",-0.0140328135483844
"B5X7R3",-0.0140324730609328
"A0A1S3NKX2",0.0140318211673614
"B5X2W6",-0.014030219817746
"A0A1S3MKN6",-0.0140256899721448
"A0A1S3SI85",-0.014025531805789
"B5X3C4",-0.0140248797968235
"A0A1S3N1B9",-0.0140234536019112
"B5X3V7",-0.0140215139052408
"B9EPL9",-0.0140195571216666
"A0A1S3LCA8",-0.0140192904626098
"A0A1S3KXU0",-0.0140191619691611
"A0A1S3RQQ6",-0.0140185103938223
"B5XEG4",-0.0140176592393979
"A0A1S3PX94",-0.0140165236575511
"B5DGD1",0.0140163425060714
"A0A1S3MKC5",-0.0140141418334712
"A0A1S3LKJ5",-0.0140140827126354
"C7C1L7",-0.0140130995120078
"A0A1S3KY67",-0.0140126469411492
"A0A1S3M209",-0.0140123583096647
"A0A1S3M1L3",-0.0140121669814964
"A0A1S3KW11",0.0140113858123785
"A0A1S3M6Z8",-0.014008728227064
"A0A1S3P7B8",0.0140087155533252
"A0A1S3KRA4",-0.0140002908189839
"A0A1S3PBB6",-0.0139998201615452
"B5XB34",0.0139982917144668
"A0A1S3P5N2",-0.0139975124235737
"A0A1S3KPS1",-0.0139955206296058
"A0A1S3SJ12",-0.0139939335002284
"B5XGZ2",-0.0139928787314618
"C0HAC7",-0.0139894200053597
"A0A1S3P9K9",-0.0139880717888696
"A0A1S3RYY9",-0.0139864854169193
"A0A1S3PBS4",-0.0139855253965424
"B5X813",-0.0139840593448497
"A0A1S3LQ61",-0.0139835938652022
"B5DGS2",-0.0139827784619926
"B5DG71",-0.0139761832567303
"A0A1S3R764",-0.0139759980659782
"A0A1S3MYC7",-0.0139741456357661
"A0A1S3RI50",-0.0139726245924258
"A0A1S3SUS9",-0.0139720824004918
"B9ELT7",-0.0139674748520565
"A0A1S3Q4C9",-0.0139666945772307
"A0A1S3QHK5",-0.01396419937687
"A0A1S3NZ28",-0.0139631998660501
"B5DG51",-0.0139621116021116
"A0A1S3SRX7",-0.0139617465023328
"A0A1S3MZG5",-0.0139607027256673
"A0A1S3L4W4",-0.0139606752657855
"A0A1S3PVV9",0.0139605384515632
"B5X4J0",-0.0139585998651334
"B5XBH8",-0.0139559333988765
"B5X2C7",0.0139537473959357
"A0A1S3QHJ8",-0.0139534923626871
"A0A1S3S3W2",-0.0139531970578857
"A0A1S3PCY2",-0.0139516803351797
"A0A1S3NLT2",-0.0139485701293492
"A0A1S3S3C5",-0.0139482258244687
"A0A1S3NUX5",0.0139472714306048
"A0A1S3KM58",-0.0139466856765064
"A0A1S3R523",-0.0139431068157059
"A0A1S3P4N2",-0.013942105390743
"A0A1S3QXU8",0.0139413736035325
"B5X7Q6",-0.0139373030102327
"A0A1S3SIS9",-0.0139371779640632
"A0A1S3QW36",-0.0139360070664671
"A0A1S3LNV9",-0.0139332038194636
"A0A1S3KWX6",-0.0139322712144595
"A0A1S3RTD3",-0.0139318445420651
"A0A1S3QZJ4",0.0139295843762518
"A0A1S3S4A5",-0.0139283334051969
"A0A1S3PP53",0.0139275264334462
"B5XGB9",-0.0139242104067241
"A0A1S3LY50",-0.0139216889701652
"A0A1S3P7R8",-0.0139208594806412
"A0A1S3RLE8",-0.0139166093059799
"A0A1S3RAD6",-0.0139142351597467
"A0A1S3M499",-0.0139130996967208
"A0A1S3MA83",-0.0139128537400644
"B5X487",-0.0139093434173737
"B5X186",0.0139087120310161
"A0A1S3KJ44",0.0139051074667803
"A0A1S3QK26",0.013903714999002
"A0A1S3L6D3",-0.0139034969480017
"A0A1S3RKM1",0.0139023308812593
"A0A1S3R7I7",-0.0138995359194355
"A0A1S3NQ96",-0.0138994741562761
"B5X451",-0.0138973387458585
"A0A1S3SLN1",-0.0138963602939865
"B9EPA6",-0.0138957262391336
"A0A1S3PL10",0.0138949277844895
"B5X5Q3",-0.0138941848690536
"B9EP08",0.0138932161143568
"A0A1S3RUS2",-0.0138915819453704
"A0A1S3LVT2",-0.0138899478866135
"A0A1S3LLP5",-0.0138896282698444
"A0A1S3LDP1",-0.0138893984658221
"A0A1S3L2M8",-0.0138881842632796
"B5X7A4",0.0138879509707232
"A0A1S3L1I1",-0.0138879265248057
"B5XCA1",-0.0138873268723803
"B9EPY1",-0.0138866540970354
"A0A1S3PWX4",0.0138827137074073
"A0A1S3MND1",0.0138802761348662
"A0A1S3T0X9",-0.0138755971579691
"A0A1S3NX85",-0.0138692754215762
"A0A1S3M5V0",-0.0138688398531162
"A0A1S3T5M1",-0.0138653469592509
"B5X2E0",-0.0138634517169638
"A0A1S3S6V5",-0.0138622245025952
"A0A1S3S8W3",-0.0138618696881248
"A0A1S3QPI7",-0.013861825856482
"A0A1S3MQD1",-0.0138604055343069
"A0A1S3T6P8",-0.0138581632366491
"A0A1S3RSY1",-0.0138581543996747
"B5XC63",-0.0138565154634084
"A0A1S3LC09",0.0138527151118885
"A0A1S3RW36",0.0138500776326063
"B9ENM8",-0.0138474630402638
"B5DGP0",-0.0138468609740443
"A0A1S3N8P4",0.0138427205414944
"A0A1S3L6X5",-0.0138410109851635
"A0A1S3PJJ0",-0.0138405431117686
"C0H8R7",-0.0138364658036649
"A0A1S3SNG0",-0.0138361801589693
"B5X7M9",-0.0138292838903612
"A0A1S3R0Z6",0.0138271254934436
"M4V3J1",-0.0138263960756969
"A0A1S3MAY2",-0.0138247914168721
"A0A1S3LP35",-0.0138245387209364
"A0A1S3QAY6",-0.0138221913888335
"A0A1S3MI25",-0.01382210584256
"A0A1S3N645",-0.0138118359727486
"A0A1S3S8G5",0.0138082297079943
"A0A1S3LGZ3",-0.0138075965452912
"C0HAI1",-0.0138056425157083
"A0A1S3PD71",-0.0138010223963122
"A0A1S3RDD3",-0.0137971466279234
"A0A1S3NNK8",-0.0137971462608818
"A0A1S3L5Q4",-0.0137965387989587
"A0A1S3S7P4",0.0137960068238275
"A0A1S3L219",-0.0137956548545279
"C0H9V2",-0.0137948096712204
"B9ENC7",-0.0137947749710134
"A0A1S3NDZ2",-0.0137921687660108
"A0A1S3P5N7",-0.0137917710686371
"A0A1S3LQ91",-0.0137836360721547
"A0A1S3L6N7",-0.0137824068218202
"A0A1S3KM15",-0.0137788948331056
"A0A1S3PS48",-0.0137750529252406
"A0A1S3RZY9",-0.0137741048884964
"B9EPP7",-0.0137727052343647
"A0A1S3RG57",0.0137695486323899
"A0A1S3KK89",-0.0137674705039946
"A0A1S3LJ96",0.0137665079322133
"A0A1S3MWW2",-0.0137652384800645
"B5XGT0",-0.0137606107798045
"B5XDN4",0.0137572429299857
"B5DGF0",-0.0137553114587887
"A0A1S3RG81",-0.0137541568690206
"A0A1S3PAU9",-0.0137517813644076
"A0A1S3KQ55",-0.0137467534667969
"A0A1S3L0Q8",-0.0137431815716424
"B5DGK8",-0.0137398625574105
"A0A1S3R2H8",-0.0137390049697199
"A0A1S3PGL1",0.0137388672212145
"A0A1S3KJH9",-0.0137385163254315
"A0A1S3RQL1",-0.0137383816104824
"A0A1S3T5Z5",-0.01373751708768
"A0A1S3PXW2",-0.0137362983868673
"B5XBE3",-0.0137352779578844
"A0A1S3M6G8",-0.0137352023316338
"A0A1S3RCW8",-0.0137317521114037
"A0A1S3KVA9",0.0137286176033527
"A0A1S3QB44",-0.0137277256017374
"A0A1S3RPC5",-0.0137270049760267
"A0A1S3NL01",-0.0137232659885343
"A0A1S3KLM9",-0.0137203851781698
"A0A1S3Q900",-0.0137197638012832
"A0A1S3Q192",-0.0137182845564318
"B5X1B9",-0.0137155399233923
"A0A1S3N498",-0.0137146244090987
"A0A1S3NTY1",-0.0137093342510707
"B5X0P8",-0.013707978213474
"C0HA74",-0.0137069523999677
"A0A1S3QBS1",-0.0137068251245838
"A0A1S3P5J2",-0.013704604479832
"A0A1S3PWQ6",-0.0137043264591393
"A0A1S3PKB1",-0.0137014358404367
"A0A1S3SSY6",-0.0136991577184303
"A0A1S3Q2D0",-0.0136971439914799
"A0A1S3SZ61",-0.0136941238867238
"A0A1S3QAF1",0.0136931674638532
"A0A1S3R8M5",-0.0136913411405849
"A0A1S3KPI7",-0.0136872794409345
"A0A1S3M599",0.0136835721546316
"A0A1S3PM55",0.0136826600108413
"C0H964",-0.0136824517650245
"A0A1S3QJZ7",-0.0136768426981579
"B5X8R5",-0.0136764257615624
"B5X4D7",-0.0136745363445633
"B5X9C8",-0.01367289075755
"A0A1S3NAW5",-0.0136716421593395
"A0A1S3PAB9",-0.0136709346965874
"A0A1S3MDQ3",0.0136705281093046
"A0A1S3MAG6",-0.0136691080159724
"A0A1S3MHP9",-0.0136663177014839
"B5X1V7",-0.0136637846868351
"A0A1S3M8Q4",0.0136619341665227
"A0A1S3L087",-0.0136562531247109
"A0A1S3QCU3",0.0136552644574816
"A0A1S3NYX7",-0.0136534180809329
"A0A1S3SLZ1",0.0136528695477786
"A0A1S3NIF7",0.0136512058829815
"B5X9J3",-0.0136505014470801
"A0A1S3L748",-0.0136498545173524
"A0A1S3T1E6",-0.0136486764250608
"A0A1S3MBA1",-0.0136474391633967
"A0A1S3L344",-0.0136438308645212
"A0A1S3S809",0.0136434785846403
"A0A1S3S0C7",-0.0136367318972537
"B5X3V4",0.0136358220853346
"A0A1S3QRQ4",-0.0136325250255351
"B5DGW8",0.013625176764436
"A0A1S3NVS2",0.013624929019527
"C0HAU7",-0.0136243389167015
"B5XCB0",-0.0136239593868999
"A0A1S3R5U3",-0.0136214864170645
"B5X1A2",-0.0136209307695531
"A0A1S3NAT0",-0.0136201108023151
"A0A1S3SDS9",-0.0136180890672744
"A0A1S3L0F7",0.0136176435288109
"A0A1S3MEV2",0.013612357017421
"A0A1S3MUY8",-0.0136091405731665
"A0A1S3MYF6",-0.0136059196900604
"A0A1S3QBM7",-0.0136049274661183
"A0A1S3R7F8",-0.0136044484149576
"A0A1S3RAU2",-0.0136039239899133
"A0A1S3Q478",-0.0136017280524892
"A0A1S3NVD5",0.0136016465671943
"A0A1S3R5V3",0.0135998502567241
"A0A1S3MSJ3",-0.0135958363898303
"A0A1S3R103",-0.0135955855078497
"B5X635",-0.013594130185765
"A0A1S3S179",-0.0135929864167256
"A0A1S3NQP8",-0.013591656962887
"A0A1S3LBG4",0.0135905714761354
"B5X6N6",-0.0135897933447175
"A0A1S3ME44",-0.0135863719421072
"P68529",-0.0135862605212861
"A0A1S3MY29",0.0135851573493155
"A0A1S3QMJ9",-0.0135826901048961
"A0A1S3RLF3",-0.0135820723027569
"A0A1S3MEB4",-0.0135809312000807
"A0A1S3S1P0",-0.0135806213973924
"A0A1S3L0N9",-0.0135792332224692
"A0A1S3R6M8",-0.0135787943078826
"A0A1S3Q0Y0",-0.0135781189538036
"A0A1S3LZA0",-0.0135776968565339
"A0A1S3PHE5",-0.0135753599303757
"A0A1S3T4J0",-0.0135733436464703
"A0A1S3S1P2",-0.0135722918682209
"C0H9T9",0.0135721640445805
"A0A1S3Q8Q2",-0.0135711939188441
"A0A1S3NCN6",-0.0135709660827839
"A0A1S3QWQ3",-0.0135703222865258
"A0A1S3NEN4",-0.0135698328118258
"A0A1S3MLG4",-0.0135658556020624
"A0A1S3KYJ2",-0.013565815931606
"A0A1S3P190",-0.0135631387780042
"A0A1S3RCW3",-0.0135619828647932
"A0A1S3P919",-0.0135603350132797
"A0A1S3MG34",0.0135595916241808
"B5XAB1",-0.013559321623854
"A0A1S3KQ19",-0.0135579276106243
"A0A1S3QK75",-0.0135568469825965
"A0A1S3QZW3",-0.0135541787175519
"A0A1S3S2E4",-0.0135538906597336
"A0A1S3NZT3",-0.013552944216053
"A0A1S3NA65",0.0135518130165495
"A0A1S3KS30",-0.0135491566318063
"A0A1S3KL11",0.0135490113992676
"B9EMK5",-0.0135486458886777
"A0A1S3RL15",-0.0135483805022972
"A0A1S3SJ86",-0.013548161292295
"B5X0Z4",-0.0135434433435146
"A0A1S3NQK4",-0.0135429222042616
"A0A1S3SFX2",-0.0135385375866896
"A0A1S3Q131",-0.0135381129404935
"A0A1S3LCB0",-0.0135380991897416
"A0A1S3Q2V1",-0.0135376658519626
"B5XE81",-0.0135374055909216
"A0A1S3PNS2",-0.0135361345437844
"A0A1S3NJE8",-0.0135345788776354
"A0A1S3SK07",-0.0135310071669408
"A0A1S3N7H1",-0.0135299229489054
"A0A1S3LWI5",-0.0135292366302189
"A0A1S3S030",-0.0135259644647412
"A0A1S3QMI0",-0.0135241872195578
"A0A1S3Q369",-0.0135209189049722
"B5X0X7",-0.0135146302347499
"B5XGL4",-0.013513120740502
"A0A1S3NZD4",-0.0135099243977702
"A0A1S3T0R1",-0.0135097010854604
"A0A1S3R1I6",-0.0135085351954806
"C0HA50",-0.0135084057435987
"B5X5D3",-0.013507235675617
"A0A1S3L6S4",-0.0135068991830599
"B5XBK1",-0.013506865506236
"A0A1S3PWW7",-0.0135025284762879
"B5DGG2",0.0135010219971667
"B5X7T0",-0.0134971383510214
"A0A1S3LVQ4",-0.0134969933081524
"B5XAS8",0.0134963536157725
"A0A1S3S851",0.0134926349927847
"B9ELD9",0.0134914531080643
"A0A1S3SEG3",-0.0134884582968502
"A0A1S3N1U1",-0.0134852884122703
"A0A1S3LEC4",-0.0134820651373477
"A0A1S3MPD6",-0.0134815146238403
"A0A1S3SB89",-0.0134785151700298
"A0A1S3QL49",-0.0134782740196907
"A0A1S3P272",-0.0134774128954702
"A0A1S3S5K0",-0.0134697569360248
"A0A1S3R506",-0.0134680480550132
"A0A1S3SKJ7",-0.0134674548045824
"A0A1S3Q999",-0.0134661681441552
"A0A1S3M6Z9",-0.0134661593347407
"B5X130",-0.0134650583087619
"A0A1S3N9N6",-0.0134642667239587
"B5X698",0.0134627480414513
"A0A1S3RQC4",0.0134608117226436
"A0A1S3QIK1",-0.0134585442451941
"A0A1S3T5S6",-0.013457861726201
"C0H9N6",-0.0134523045165909
"A0A1S3Q930",-0.0134503709066725
"B5X0R1",-0.0134463804195156
"A0A1S3SYL2",-0.0134448268331551
"A0A1S3S7J7",-0.0134445603375177
"A0A1S3R5V1",-0.0134433902613912
"A0A1S3RDB6",-0.0134402930918702
"A0A1S3M7R7",-0.0134378963050887
"B5DFY1",-0.0134377612632875
"A0A1S3SM68",-0.0134370753141178
"A0A1S3SIX3",-0.0134367488931548
"A0A1S3S8H8",-0.0134364430824865
"A0A1S3R700",-0.0134348496257646
"A0A1S3Q8I2",-0.0134344042064038
"B9EMR5",-0.0134341185595063
"A0A1S3QLW8",-0.0134340958822874
"A0A1S3SUF6",-0.0134327360739775
"A0A1S3NVW0",-0.0134327151230981
"A0A1S3LAE2",-0.0134318931849672
"A0A1S3MD52",-0.0134310827817823
"C0HAS9",-0.0134309356268201
"A0A1S3Q028",-0.0134297663738839
"A0A1S3RVV5",-0.013429508129384
"A0A1S3QPC9",-0.0134278791338122
"A0A1S3SXB4",-0.0134274988184053
"A0A1S3SCZ5",0.0134271044650811
"A0A1S3MAV0",-0.0134265168666276
"B5X2R6",-0.0134241578063226
"A0A1S3SJN6",-0.0134206227444111
"B5XC79",-0.0134203285399921
"A0A1S3T4M4",-0.0134190795870024
"A0A1S3L1Y1",-0.0134189801972474
"A0A1S3SUE3",-0.0134185928735783
"A0A1S3KUP1",-0.0134184410074302
"A0A1S3KV85",-0.0134153920644914
"A0A1S3NPU5",-0.013414739507912
"A0A1S3M439",-0.0134138871547056
"A0A1S3RAM4",-0.0134132295755771
"A0A1S3NB92",-0.013412236326341
"A0A1S3S881",-0.0134121045615749
"B5X1T4",-0.0134096914138328
"A0A1S3LTW6",-0.0134086222403224
"A0A1S3NTW2",-0.0134033570409317
"A0A1S3QVG8",-0.0134026837794869
"C0H960",-0.0134026374291375
"A0A1S3M426",-0.0134008489408515
"A0A1S3KTR5",-0.0133993531549234
"A0A1S3RC81",-0.0133990586881363
"A0A1S3MXT7",-0.0133978804465161
"A0A1S3PFA6",-0.0133974406692118
"A0A1S3R9I9",-0.0133947297831402
"B5DFU0",-0.0133932771434523
"B5X1X1",0.013392542090305
"B5X8U2",-0.0133918004139937
"A0A1S3LZP0",-0.0133884564540135
"A0A1S3LGN2",-0.0133862468099197
"A0A1S3PI98",-0.0133858428921749
"B5XFA1",-0.0133853881581212
"A0A1S3NAY1",-0.013385081537805
"M4V2J6",-0.0133836110083818
"C0HAY4",-0.0133824855077641
"A0A1S3MDI2",-0.0133813301266753
"A0A1S3M9Q6",-0.0133778870789085
"A0A1S3MX84",-0.013377797246294
"A0A1S3QHY9",-0.0133765753095009
"A0A1S3N8P6",-0.0133765385882064
"A0A1S3PHC8",-0.0133757941655274
"A0A1S3S931",-0.0133755882644954
"A0A1S3KVI8",-0.0133748706099516
"A0A1S3QFP8",-0.0133740828956074
"B5XFV7",-0.0133735210936166
"A0A1S3R6M4",0.0133701713815664
"A0A1S3RC67",-0.0133693420871662
"A0A1S3NFL2",0.0133687423535629
"B5X1P3",0.0133685764156596
"A0A1S3QA61",-0.0133680792660447
"A0A1S3RAH6",-0.0133675728031386
"A0A1S3PZK3",-0.0133660900627817
"A0A1S3SI71",-0.0133653457531114
"A0A1S3NCU0",-0.0133623218603502
"A0A1S3QDI7",-0.0133580723789587
"A0A1S3LNM3",-0.0133568867030162
"A0A1S3RPU1",-0.0133566610466767
"A0A1S3KZP8",-0.0133554949353024
"A0A1S3T5J0",-0.0133543997480883
"A0A1S3LAS7",0.013354268525361
"A0A1S3R5H7",-0.0133539935121981
"A0A1S3RED9",-0.0133526732401462
"A0A1S3M240",-0.0133505042065383
"B5X9E1",0.013350082100401
"C0H986",-0.0133488136529378
"A0A1S3S8F6",0.0133487251260805
"A0A1S3LGY9",-0.0133479879051448
"A0A1S3S759",0.0133477637400983
"A0A1S3NXQ1",0.0133475698418341
"A0A1S3QJ95",-0.0133434748049753
"A0A1S3QMQ7",-0.013343035556634
"A0A1S3MLU9",-0.0133381491856027
"A0A1S3MMT8",-0.0133375232558688
"A0A1S3RUH5",-0.0133346876095259
"A0A1S3N328",-0.0133345966966728
"A0A1S3P7C0",-0.0133334284470807
"A0A1S3NKB3",-0.0133332144112549
"A0A1S3PCQ5",-0.0133302416570579
"A0A1S3KQP2",-0.0133273578820117
"A0A1S3MQH9",-0.0133250868400494
"A0A1S3PZZ7",-0.0133245879571019
"C0HBA0",0.0133245010213181
"A0A1S3PDP8",-0.0133236563026562
"A0A1S3MJL4",0.0133209162635038
"A0A1S3RWR3",-0.0133194950002231
"A0A1S3M2C0",-0.0133163517517253
"B5X3B4",-0.0133127241800826
"A0A1S3MUE0",-0.0133123524266428
"A0A1S3PWF8",-0.0133119007774932
"A0A1S3PF24",-0.0133114537095276
"A0A1S3S7A3",-0.0133055550667503
"B5DG15",-0.0132990665326108
"A0A1S3NQR7",-0.013298929919031
"A0A1S3QE14",-0.0132965126194071
"A0A1S3RYH5",-0.0132952335974391
"B5X3N3",-0.0132932104404018
"A0A1S3LR61",0.0132911195293039
"A0A1S3Q916",-0.0132910286489277
"A0A1S3QI13",-0.013289532241051
"A0A1S3KW62",-0.0132895305914897
"A0A1S3T4F3",0.0132887075773046
"A0A1S3Q1A3",-0.0132881173093953
"A0A1S3LV19",-0.0132875911784839
"B5XDB2",0.013286204870989
"A0A1S3MF97",-0.0132849949127368
"B9EP02",-0.0132845582852545
"A0A1S3S8A6",-0.0132842046793541
"A0A1S3PAA0",-0.0132841639064947
"A0A1S3S0Z2",-0.0132826116850655
"A0A1S3LGD8",-0.0132823226510376
"A0A1S3NDX2",-0.0132803004424859
"B5X3Z1",-0.0132792218696519
"A0A1S3KLC2",-0.0132745448405513
"A0A1S3LB29",-0.0132722085385142
"A0A1S3RKJ3",-0.0132717512917258
"B5X1R6",-0.01327102034259
"A0A1S3L427",-0.013270345610892
"A0A1S3MMM4",-0.0132698804873842
"A0A1S3P1G5",-0.0132698206674909
"A0A1S3LFA2",-0.0132677211230164
"A0A1S3REU0",-0.0132644782021746
"B9EPM5",-0.0132623108293966
"A0A1S3SEL5",-0.0132621507156383
"A0A1S3R079",-0.0132619875473291
"A0A1S3RS55",-0.0132617005109203
"A0A1S3Q687",-0.0132598265672841
"A0A1S3S058",0.0132596878693096
"A0A1S3NNF0",-0.0132596804508909
"A0A1S3RNL7",0.0132585236309755
"A0A1S3KS69",0.0132571971628786
"A0A1S3Q3E2",-0.013253411236792
"A0A1S3RAY3",-0.013250715600341
"A0A1S3M0W0",-0.0132505290199012
"B5X142",-0.0132501523134427
"A0A1S3LBG1",-0.0132492362781025
"B5X7D2",-0.0132467078418603
"A0A1S3M8P2",0.013246363298571
"A0A1S3RMG1",-0.0132463072669897
"A0A1S3SJB3",-0.0132451239560981
"A0A1S3PK78",-0.0132427490801305
"A0A1S3N845",-0.0132424081733719
"C0H906",-0.0132419057333334
"A0A1S3RQ00",-0.0132414470391366
"B5X400",0.0132409636255382
"A0A1S3M9H3",0.0132407577868271
"A0A1S3L3K3",-0.0132401201090852
"A0A1S3LHG5",-0.01323818401979
"A0A1S3Q380",-0.0132354436511809
"B5XF08",-0.0132352395535087
"A0A1S3RBS7",-0.0132332315651354
"A0A1S3N3Q8",-0.0132322124872085
"A0A1S3NNE1",-0.0132313549754619
"A0A1S3SVP0",-0.0132297979270498
"A0A1S3Q8J9",-0.0132296877062634
"A0A1S3NE73",-0.0132286702374287
"A0A1S3SAW8",-0.0132286063333937
"A0A1S3R814",-0.0132283845522442
"A0A1S3SIL4",-0.0132259606692876
"A0A1S3S9V4",-0.0132234444539427
"B3TDC1",-0.0132211668649914
"A0A1S3PNX8",-0.0132197079260778
"A0A1S3SEH5",-0.0132128328220335
"A0A1S3P1H2",-0.0132102575400961
"A0A1S3SFV8",0.0132089748571815
"A0A1S3KWN8",-0.013206557634494
"B9EL05",-0.0132056386629841
"A0A1S3L3B5",-0.0132044374254487
"B5X422",-0.0132040255819643
"B5XCK8",-0.0132015892250067
"A0A1S3KU48",-0.0131987638995258
"A0A1S3QA83",-0.0131986270982044
"A0A1S3L9R1",-0.0131974227208857
"B5X7Z3",-0.013193522154443
"A0A1S3QM61",-0.0131910858357542
"A0A1S3N5A9",-0.0131900624040941
"A0A1S3KK78",-0.0131878226727121
"A0A1S3Q8S2",0.0131872677900502
"A0A1S3N887",-0.0131871975298886
"A0A1S3P3W5",-0.0131868432571
"A0A1S3PCE3",-0.0131831669087941
"C0H8X9",-0.013182588946711
"A0A1S3QBG9",0.0131808836394201
"A0A1S3QDD3",-0.0131791474388413
"A0A1S3N0J0",-0.0131769569039541
"B5XF73",-0.0131766418566006
"A0A1S3NFC2",-0.0131754940447297
"A0A1S3LE09",0.0131743715370953
"A0A1S3T050",-0.0131726637430096
"A0A1S3QKG9",-0.0131708083405376
"B5XGE2",-0.0131707924341611
"A0A1S3RDY6",-0.0131701120317004
"A0A1S3P045",-0.0131659263383795
"A0A1S3PZD0",0.0131643883023558
"A0A1S3PYN4",-0.0131631165976893
"A0A1S3MWN0",-0.0131624790686704
"A0A1S3QLB6",-0.0131621230918588
"B5X0S0",-0.0131578787694439
"A0A1S3RYK1",-0.013154188629277
"A0A1S3NP52",-0.0131534992156486
"A0A1S3RYB0",0.013153314395301
"A0A1S3P657",-0.0131514706260268
"A0A1S3M114",-0.0131485757387615
"A0A1S3MN34",-0.0131469373862235
"A0A1S3PJ10",-0.0131456006000034
"C0H7U5",-0.0131416696471703
"A0A1S3RB03",-0.0131415951240439
"C0H8R1",-0.0131412435039697
"A0A1S3RN40",-0.0131397367594498
"A0A1S3MHI8",-0.0131396767929089
"A0A1S3SIU9",-0.0131392447560521
"A0A1S3SGS5",-0.0131385703780641
"A0A1S3N248",-0.0131385075766525
"A0A1S3KL93",-0.0131373713282329
"A0A1S3Q5U3",-0.0131332577797228
"B9ELX2",-0.0131330716306691
"A0A1S3NBI6",0.0131304974360091
"A0A1S3M313",0.0131303566081948
"A0A1S3STR5",-0.0131300364481793
"B5XF42",0.0131289172569624
"A0A1S3PKE6",-0.0131261529273711
"B5X2E6",-0.0131243573972416
"A0A1S3MMR1",-0.0131239630571923
"B5DGP7",-0.0131239445403649
"A0A1S3S760",-0.0131232101669441
"A0A1S3PEM1",-0.013122041396796
"A0A1S3QNC5",-0.013120100105895
"A0A1S3S5X3",-0.0131198438748432
"A0A1S3KKQ9",-0.0131175282004718
"B5X336",-0.0131157821630414
"A0A1S3LGT9",-0.0131136147587008
"A0A1S3P2S0",-0.0131128178706551
"A0A1S3SSD5",-0.0131121878804597
"A0A1S3SVI0",-0.0131105425986209
"A0A1S3RRY2",0.0131105287578515
"A0A1S3SLB2",0.013107744140891
"Q91471",-0.0131046508125043
"A0A1S3N896",-0.0131042739094653
"A0A1S3MED6",-0.0131003499930509
"B5X963",0.0131000935350388
"A0A1S3RF47",-0.0130991064493648
"B5XBU2",-0.0130989067808797
"A0A1S3M771",-0.0130976309391786
"A0A1S3LJ82",-0.0130928317566911
"A0A1S3NE47",-0.0130921773583607
"B5X7A7",-0.0130913136947688
"A0A1S3KIF4",-0.0130891201596712
"A0A1S3MK65",0.0130870108344702
"A0A1S3QZE3",-0.0130861970233518
"A0A1S3LFK0",-0.0130824657899568
"A0A1S3QKW4",-0.0130821725650643
"A0A1S3QPK8",-0.013080071279455
"A0A1S3PB75",0.0130759356348848
"B5XCJ5",-0.0130748108710577
"B9ENC0",-0.0130745974365082
"A0A1S3L9E0",0.0130744085450376
"A0A1S3LH20",-0.013073702188686
"Q9DD33",0.0130732649676556
"A0A1S3LW27",-0.0130730166145207
"A0A1S3KMU0",-0.0130723511338554
"A0A1S3RM75",-0.0130715053392733
"A0A1S3RRJ0",-0.013067920289096
"B5RI56",-0.0130663004871176
"B5DG32",-0.0130660755560883
"A0A1S3PRE2",0.0130629120131149
"B5XCZ9",-0.0130615509301052
"B5XC16",-0.0130595922742489
"A0A1S3MF58",-0.0130595873678593
"A0A1S3S4M2",-0.013059250753249
"A0A1S3QR62",-0.0130569993105144
"A0A1S3SKW5",-0.0130567562845202
"B5X4E9",-0.0130558479997579
"O42161",-0.0130535260017836
"A0A1S3KKE1",-0.0130513597437326
"A0A1S3MDP9",0.0130513336193119
"A0A1S3QJK0",-0.0130508910635813
"B5DGP9",-0.0130476172645327
"A0A1S3QGF6",-0.0130462205984202
"A0A1S3KU01",0.0130437196703908
"A0A1S3MJU0",-0.0130424397275238
"A9UK00",-0.0130400404479721
"B5X3P2",-0.0130338583447464
"A0A1S3SQ25",-0.013028319578506
"B5X2T4",-0.0130280771549415
"A0A1S3MZF7",-0.0130256961887775
"B5XGM4",-0.0130255233448584
"A0A1S3KWE6",-0.0130253478912062
"B9EPW1",-0.0130232001896842
"A0A1S3MIG4",-0.013021670299827
"A0A1S3M557",-0.0130212117010934
"A0A1S3S8V3",-0.0130207032836902
"A0A1S3NRP4",-0.0130193936825061
"A0A1S3PSV1",-0.0130189099568413
"A0A1S3Q4I2",-0.0130175703756136
"A0A1S3KQU8",-0.0130098562707005
"A0A1S3MI62",-0.0130087606443398
"C0H9Q1",-0.013008500676439
"A0A1S3NMP0",-0.012999437881188
"A0A1S3Q432",-0.0129988208834894
"A0A1S3SDV9",-0.0129971463395935
"A0A1S3LY04",-0.0129966007549633
"A0A1S3M922",-0.0129956841449592
"A0A1S3SMP0",-0.0129948488814654
"A0A1S3QC39",-0.0129938643713871
"A0A1S3NB46",-0.0129898376537651
"A0A1S3MD79",-0.0129858942609449
"A0A1S3SDD9",-0.0129840851324149
"A0A1S3QRL4",-0.0129833672085358
"A0A1S3LV65",-0.0129819349357088
"B5DGG3",0.012981196981876
"A0A1S3Q666",-0.01297913589159
"A0A1S3Q4G5",0.012978790198351
"C0H7J1",0.0129787559383036
"A0A1S3NCU2",-0.0129787259346562
"B5X746",-0.0129768614913482
"A0A1S3T2C3",-0.0129736241041314
"A0A1S3LBJ0",0.0129723962699611
"A0A1S3LY67",0.0129678188820637
"A0A1S3T0P6",-0.0129658669539103
"A0A1S3T0C3",-0.0129622788964766
"A0A1S3L0R6",-0.0129616716391728
"B9EQB7",-0.0129566835520413
"A0A1S3PKY9",-0.0129486981250016
"A0A1S3LI96",-0.0129456686866784
"A0A1S3QMR4",-0.0129448215436367
"A0A1S3RI47",-0.012939074288825
"A0A1S3LU00",-0.0129389091782743
"A0A1S3KZL1",-0.0129374455322654
"A0A1S3T517",-0.0129373737579781
"A0A1S3NSB2",0.0129366954822203
"B5X6C3",-0.0129334458155938
"A0A1S3SMB9",-0.0129332724259729
"A0A1S3Q4S3",-0.0129332486631872
"A0A1S3MQ47",-0.0129287780225962
"A0A1S3R3T2",-0.0129284731335393
"B5X5D8",0.0129284590447834
"A0A1S3KKK9",-0.0129284507936841
"A0A1S3LXT4",-0.0129262549874882
"B5XD07",-0.0129252883697347
"A0A1S3N7Q2",-0.0129177546593454
"B5X183",-0.0129167781947897
"B5DGK5",0.0129145172952669
"B5XA20",0.0129142901836703
"A0A1S3Q7M9",0.0129131952235119
"B5DGT8",-0.0129104724670806
"B5X2G7",-0.012910386696765
"A0A1S3P407",-0.0129095712380184
"A0A1S3RTI5",-0.0129087857555838
"A0A1S3Q3B5",-0.0129082266519702
"A0A1S3KKT8",-0.0129065187101798
"P63279",0.0129046489286793
"A0A1S3RVI3",0.0129044108430541
"A0A1S3M9K2",-0.0129014337130278
"A0A1S3PU63",-0.0128999703218494
"A0A1S3T5N4",-0.012899324279442
"A0A1S3L933",-0.0128987593090201
"A0A1S3RHX3",-0.0128982997604462
"A0A1S3PV77",-0.0128951452756512
"B5X193",-0.0128945570355828
"A0A1S3S3P8",-0.0128945225156323
"A0A1S3M355",-0.012891260733668
"A0A1S3LK04",-0.0128877456464789
"B5X8F5",-0.0128848078073452
"B5DFW3",-0.0128810850111007
"A0A1S3Q6U8",-0.012879527592233
"A0A1S3RVI5",-0.0128794814177998
"A0A1S3MRJ7",0.0128779260740615
"A0A1S3T085",-0.012877276714484
"A0A1S3SB53",-0.0128757293578391
"B5XC93",-0.0128719463669088
"A0A1S3SY95",-0.012871189381923
"A0A1S3KWS4",0.0128707690799859
"A0A1S3QA98",0.0128688507012134
"A0A1S3KUY7",-0.0128679256268881
"A0A1S3NSF0",-0.0128678350400326
"C0HAB8",-0.0128646178811488
"A0A1S3N4C0",-0.0128644276508826
"A0A1S3PPD1",-0.0128610646689759
"A0A1S3QCK6",0.0128608805460424
"M4V2F4",-0.0128594135873943
"A0A1S3LJL5",0.0128588725315033
"A0A1S3SMK6",-0.0128550272982328
"A0A1S3QMD5",-0.0128482616800368
"A0A1S3L9H1",0.0128471959831595
"A0A1S3RVN5",-0.0128460880251666
"A0A1S3SI21",-0.0128427816021052
"A0A1S3MQF1",-0.0128415118332961
"B5X4W4",-0.0128407757379519
"A0A1S3LHK4",-0.0128363235551208
"A0A1S3PX05",-0.0128314434715195
"B5XAK0",0.0128313087756724
"A0A1S3PFM3",-0.012829732336611
"A0A1S3PMH8",0.0128278034494196
"A0A1S3LZZ6",0.0128275699431785
"A0A1S3P550",-0.0128271113030568
"A0A1S3RR91",-0.0128262853387454
"B5DFV3",-0.0128251883714404
"B5DG91",-0.0128248305444873
"B5XA03",-0.0128243272653554
"A0A1S3KXR7",-0.0128234493110594
"A0A1S3PUI5",0.0128199665246696
"A0A1S3M0Q1",0.0128167949191636
"B5XAK8",-0.0128142876061013
"A0A1S3R9A4",-0.0128137307332504
"A0A1S3RH48",-0.0128134172948286
"A0A1S3SD45",-0.0128122150315411
"A0A1S3Q6S4",0.01281063204331
"A0A1S3SC15",-0.0128099246579655
"B5X9C6",-0.0128092321945558
"A0A1S3LJN8",-0.0128066496982401
"A0A1S3RGC6",-0.0128062960682857
"C0H9D4",-0.0128060575670538
"A0A1S3PSC8",-0.0128019043068884
"B5XE99",-0.0128005458056565
"B9EPK8",-0.0128002301305144
"A0A1S3L9M8",-0.0127983804824561
"A0A1S3PSW9",0.0127979211170749
"B5X2Q7",-0.0127968551171638
"B5X8V8",-0.0127960677409347
"A0A1S3PUT0",-0.0127953896329636
"A0A1S3NEE3",-0.0127941262434849
"A0A1S3MNN6",-0.012793959921058
"B5X3R3",0.0127905268171757
"A0A1S3N2N8",-0.0127882089428765
"A0A1S3KMU5",0.0127877675089527
"A0A1S3SCC4",0.0127839207343796
"A0A1S3NTP8",-0.012783814084035
"A0A1S3NTC3",-0.0127833551764653
"A0A1S3T039",-0.0127832255313362
"A0A1S3S6J2",-0.0127812804271957
"A0A1S3PE75",-0.0127805407918661
"B5XB93",-0.0127803987412527
"A0A1S3ND93",0.0127752606756526
"B5X9J2",-0.0127749633281187
"A0A1S3S9W7",-0.0127724299944143
"A0A1S3L964",-0.0127720619104606
"A0A1S3KVV0",0.0127695236332132
"A0A1S3LZN5",-0.0127680651328067
"A0A1S3PP68",-0.0127678702031074
"A0A1S3LHQ1",-0.012767810154025
"A0A1S3KTS6",-0.0127671619174581
"A0A1S3L8U4",-0.0127627056461625
"A0A1S3PIL5",-0.0127620982769285
"A0A1S3M014",-0.0127619863445587
"B5X8N8",-0.0127616198497109
"A0A1S3LZ45",-0.0127583834522771
"A0A1S3Q0T4",-0.012756617288153
"A0A1S3KQ90",-0.0127522572543134
"B5X762",-0.0127514149547047
"A0A1S3NUK7",-0.0127510121326685
"A0A1S3NG22",-0.0127484171559762
"A0A1S3Q706",-0.0127478884666372
"A0A1S3PVC9",0.0127456814155332
"A0A1S3M3G8",-0.012738503405613
"A0A1S3L167",-0.0127354510155164
"A0A1S3Q150",0.0127349718730558
"A0A1S3STB6",-0.0127304932850539
"A0A1S3PTE2",0.0127286449731134
"B5XDC9",-0.0127285829980541
"A0A1S3L9Y1",-0.0127282022134495
"A0A1S3MYT8",-0.0127277925291768
"A0A1S3QGC6",-0.0127265858867561
"A0A1S3M267",-0.0127256323348194
"A0A1S3LKP0",-0.0127256148766749
"B5XC10",-0.0127228035677604
"B5X4X0",-0.0127216594162541
"A0A1S3S9N9",-0.0127185271939874
"A0A1S3Q732",-0.0127154245974733
"A0A1S3L3H5",-0.0127151206005064
"A0A1S3R8X3",-0.0127138545338136
"B5XGS4",-0.0127135359291422
"A0A1S3KQ58",-0.0127070196334378
"A0A1S3N864",-0.0127058848723707
"B5X123",0.0127042294753971
"A0A1S3M6L2",-0.0127040496934241
"A0A1S3NRI4",-0.0127040022653377
"B5X6F4",-0.0127035188393174
"B5X0X6",-0.0127019536974328
"A0A1S3P8N4",-0.0127017160811228
"A0A1S3PYF2",-0.0127010168126957
"A0A1S3PBP3",-0.0126995875138832
"A0A1S3Q8W9",-0.0126982069679481
"A0A1S3NS01",-0.0126943247239945
"A0A1S3PN86",-0.0126914102229861
"B5X6A6",0.0126896444292899
"A0A1S3RTD1",-0.0126877569287089
"A0A1S3QDF5",-0.0126796100334148
"A0A1S3S1M4",-0.0126795898174928
"A0A1S3NVW2",-0.0126789314828042
"A0A1S3SMW1",-0.0126771640090882
"A0A1S3QCD0",-0.0126747505256498
"A0A1S3N6U7",-0.0126747271460171
"A0A1S3QMQ2",-0.0126739449138828
"A0A1S3NI72",0.0126736250867858
"A0A1S3KXT1",-0.0126735573591816
"A0A1S3LP04",-0.0126733751176931
"A0A1S3NI15",-0.0126727298512876
"A0A1S3RJK8",-0.0126681517188815
"A0A1S3S4B4",-0.0126672948658652
"B5X9E9",-0.0126665048328879
"A0A1S3L0H6",-0.0126657103663428
"A0A1S3M4G3",-0.0126618349779421
"A0A1S3PVQ1",-0.0126615609894793
"A0A1S3KSF3",-0.0126602215830888
"A0A1S3PWD1",-0.0126585874849714
"A0A1S3L4A0",-0.0126577474004316
"A0A1S3KUJ9",0.0126536536497893
"A0A1S3KZH5",-0.0126535443208837
"A0A1S3QTK0",-0.0126525984900501
"A0A1S3SYV6",-0.0126510255661845
"A0A1S3RXR7",-0.0126508536216568
"A0A1S3L331",-0.0126473539049427
"A0A1S3RZY5",-0.0126469825256549
"B5XE93",-0.0126447319058878
"A0A1S3NFN7",-0.0126443059846903
"A0A1S3PW38",-0.0126432325662896
"A0A1S3PF96",-0.0126367000694395
"B9EPB1",-0.0126351963775993
"A0A1S3QUP3",-0.0126335804114842
"C0HBM6",-0.0126323799159998
"A0A1S3MEJ0",-0.0126313241491099
"A0A1S3KWG4",-0.0126311278601054
"A0A1S3KJU3",-0.0126272495228003
"B9EMK9",-0.0126267681483264
"A0A1S3RKT9",-0.0126244711547647
"A0A1S3SX74",-0.012624337927741
"B5XF84",-0.0126227182928024
"A0A1S3N4L7",-0.0126170840668766
"A0A1S3RTE2",-0.0126168439226442
"A0A1S3P7E1",0.0126123200120804
"A0A1S3MML4",-0.0126098304194532
"A0A1S3SNT8",-0.0126093982635645
"A0A1S3Q119",-0.0126093949215774
"A0A1S3S5T3",-0.0126090762179603
"A0A1S3SXA2",-0.0126077926488119
"A0A1S3LM75",-0.0126066791217253
"A0A1S3LRQ9",-0.012606468356088
"B5XD10",-0.0126053909196371
"A0A1S3QSV0",-0.0126052144695219
"A0A1S3LQB6",-0.0126045173944538
"C0H9P8",0.0126039810196292
"B5X3C1",0.0126027586860389
"A0A1S3LME8",-0.0126027523795577
"A0A1S3QFR9",-0.0126023161743148
"A0A1S3PE71",-0.0126022483721981
"A0A1S3RBB5",-0.0126017417057005
"A0A1S3RLC9",-0.0126014525528751
"A0A1S3RLE5",0.012598009133866
"B5XCL4",0.0125960492508248
"A0A1S3QWQ7",-0.0125938001154573
"B9EPE7",0.0125929395995221
"A0A1S3MWC5",-0.0125922546497981
"B5DGP6",-0.0125896313750161
"A0A1S3N9B9",-0.0125887837709198
"A0A1S3NWH1",-0.0125886718732798
"A0A1S3R1T8",-0.0125883463845737
"A0A1S3P7M1",-0.0125863078880486
"A0A1S3NT15",-0.0125860887383346
"A0A1S3QYY9",-0.0125858117360545
"B5DGL5",0.0125846898932447
"A0A1S3MX73",0.0125829131295131
"A0A1S3L1T6",-0.012577041590982
"A0A1S3LDU1",-0.012576992861127
"A0A1S3N068",0.0125738834521105
"A0A1S3RIB5",-0.0125721596189132
"A0A1S3M7W1",-0.0125714491717834
"A0A1S3SDE5",-0.0125671531811133
"A0A1S3MDN7",-0.0125635169062171
"A0A1S3P4U1",0.0125627597610116
"A0A1S3PXP1",-0.0125612831372711
"A0A1S3PB20",-0.0125599675768748
"A0A1S3RNK0",-0.0125596533798469
"A0A1S3PE34",-0.0125594950581619
"C0HAA3",0.0125564157036682
"A0A1S3LXP7",-0.012556410784264
"A0A1S3N4K6",-0.012552334676403
"A0A1S3Q1N2",-0.0125498235118041
"A0A1S3QT06",-0.012549079153837
"A0A1S3N8M2",-0.0125449328401363
"A0A1S3P435",-0.0125408047466039
"A0A1S3KUK0",-0.0125394033012264
"A0A1S3NGV7",-0.0125379996657645
"B5XBF8",-0.0125364307494934
"A0A1S3MY12",-0.0125333861879582
"A0A1S3RDX5",-0.012530712860512
"A0A1S3MZG7",-0.0125273336082445
"A0A1S3T1R9",-0.0125244459760444
"B5X4W3",-0.0125217201469771
"M4V3H3",-0.0125208258348306
"A0A1S3LZ34",0.0125207449394334
"A0A1S3R4I3",-0.0125196261134069
"A0A1S3NFP3",-0.0125195151080408
"B5X7K7",-0.0125179729675281
"A0A1S3P4B5",0.0125172376863381
"A0A1S3RMR1",-0.0125171853704298
"A0A1S3S723",-0.0125158499101181
"B5X234",-0.0125134096666509
"A0A1S3LUK4",-0.012512223884222
"A0A1S3M7S6",-0.0125101700381354
"A0A1S3P480",0.0125097679707465
"A0A1S3QFS7",-0.0125060593202883
"A0A1S3NJR0",-0.0125040505278364
"A0A1S3N1M2",-0.012502671118355
"A0A1S3LK59",-0.0125020151970657
"A0A1S3SE05",-0.0125020128154409
"A0A1S3NCF4",-0.0125018634400561
"A0A1S3SCC1",0.0125015066431969
"A0A1S3T541",-0.0124987801207789
"A0A1S3RK96",-0.0124959890324675
"A0A1S3PVK4",-0.012495971865777
"A0A1S3LUQ8",-0.01249551966107
"A0A1S3LPU5",-0.0124892340846401
"A0A1S3PVX2",-0.012486056621795
"A0A1S3P3X0",-0.0124769269598303
"A0A1S3LCM9",-0.0124768488915851
"A0A1S3QDF2",-0.0124757223535207
"A0A1S3M8P9",-0.012475244933389
"A0A1S3MYN5",0.0124751580500701
"A0A1S3NFI6",0.0124725687466925
"A0A1S3N371",-0.0124705136355955
"A0A1S3SQJ3",-0.0124698713793135
"A0A1S3L118",-0.0124663167132274
"A0A1S3RD52",-0.0124661799530207
"A0A1S3SF94",-0.0124622402816525
"A0A1S3N7Z7",-0.0124605768947581
"A0A1S3PA89",-0.0124603445193984
"A0A1S3RSL7",-0.0124600060440571
"A0A1S3QQG4",-0.0124590651478374
"A0A1S3Q6K6",-0.0124581038619329
"A0A1S3SBE6",0.0124566480725956
"Q9PTA8",-0.0124559465954899
"A0A1S3PVS4",0.0124557287714333
"B5X3P0",-0.0124550175451744
"B5XFX2",-0.0124532663820507
"B5X4I7",-0.0124522781256046
"A0A1S3Q1N8",-0.0124521632466748
"A0A1S3QFG5",-0.0124503220130423
"A0A1S3LGQ2",-0.0124501885001701
"A0A1S3PA55",-0.0124480079520235
"A0A1S3N8Y0",-0.0124460050301464
"A0A1S3P2B2",-0.0124423297381906
"A0A1S3MSF5",-0.0124398891774902
"A0A1S3KID5",-0.0124377337848356
"A0A1S3LH18",-0.012437614910695
"A0A1S3S0W8",-0.0124376117818305
"A0A1S3PK25",-0.0124368087296201
"A0A1S3LHZ2",-0.0124359011523772
"A0A1S3M3Q0",-0.0124333395764671
"A0A1S3RDF2",-0.0124328265828756
"B5X0W9",0.0124291233527448
"A0A1S3PGV6",-0.0124254113728383
"A0A1S3SQ69",-0.0124239433244918
"A0A1S3LI74",-0.0124219049642231
"A0A1S3LS67",-0.012419714708505
"A0A1S3R1C2",0.012418413069502
"A0A1S3N514",-0.0124153517099895
"A0A1S3RX79",-0.0124147371818828
"B5X165",-0.0124137044967111
"A0A1S3PYS1",-0.0124136024745093
"A0A1S3NEE5",-0.0124135854561929
"A0A1S3SV48",0.0124118809968396
"A0A1S3SKH5",-0.012411453611412
"A0A1S3P3Z5",-0.0124101147135843
"A0A1S3N0Q4",0.0124084229300882
"A0A1S3RD01",-0.0124061030059346
"A0A1S3QPQ0",-0.0124056211489156
"A0A1S3LEE2",0.012404208435903
"A0A1S3RDU7",-0.012403958445135
"A0A1S3MIE2",-0.0124012116600117
"A0A1S3M4E5",0.0124001721761974
"B5XGI9",0.0123950972155132
"A0A1S3P3A3",-0.0123946095947366
"A0A1S3PYK0",-0.0123940663468372
"A0A1S3QAY5",0.0123928546205834
"A0A1S3NE55",-0.0123914089640084
"A0A1S3MP15",-0.0123907064039137
"A0A1S3SV99",-0.012385602982796
"A0A1S3LGL8",-0.0123847722822513
"B5X3N8",0.0123818305953237
"A0A1S3RPU8",-0.012380405428193
"A0A1S3RJZ2",-0.0123801820638158
"A0A1S3LC77",0.0123799839443848
"A0A1S3L347",-0.0123789012402822
"A0A1S3LCE8",-0.012375346442625
"A0A1S3RK47",-0.0123719206177981
"A0A1S3KVU5",0.0123685841619752
"A0A1S3LEW7",-0.0123674658144312
"A0A1S3T5W9",-0.012366681670837
"A0A1S3NEQ2",-0.0123635211792386
"A0A1S3SQI0",0.0123631691995085
"A0A1S3RNG6",-0.0123618608105991
"B5XFB2",-0.012360606712602
"A0A1S3MTS3",0.0123590985467174
"C0H8R6",0.0123586868122444
"C0H989",0.0123582672824363
"A0A1S3M665",-0.0123544352473645
"A0A1S3M1R8",-0.0123513718107602
"B5XD83",-0.0123508876044857
"A0A1S3STI9",-0.0123496480438582
"B5X6Y1",-0.0123489499221609
"B5X320",0.0123485032605399
"A0A1S3NKC1",-0.0123476655923067
"A0A1S3L6D8",-0.0123475930654505
"A0A1S3RMD1",-0.0123475344960934
"A0A1S3KQ84",-0.0123474595194078
"A0A1S3RYM0",-0.0123463190080795
"A0A1S3PFH4",-0.0123442537261655
"A0A1S3NN00",-0.0123411410907776
"B5X386",-0.0123394352320697
"A0A1S3P9V2",-0.0123385308705503
"B5XAB6",0.0123385113835746
"A0A1S3N5R1",-0.0123361809790529
"B5X1A6",-0.0123314446348586
"A0A1S3SVF9",-0.0123309437155332
"A0A1S3PFM8",-0.0123288664745902
"A0A1S3P7M4",-0.0123285625569063
"A0A1S3PYH3",-0.0123251285748522
"A0A1S3NPS8",-0.012325013029595
"A0A1S3Q8D2",-0.0123248349589685
"A0A1S3Q944",-0.0123246848401037
"A0A1S3N1F0",-0.0123242303141732
"A0A1S3RZ12",-0.0123240415122859
"A0A1S3SCY5",-0.0123224142222219
"A0A1S3S561",-0.0123224094032754
"A0A1S3NA42",-0.0123212997407226
"A0A1S3L5B7",-0.0123182864975074
"A0A1S3RY54",-0.0123167997562864
"A0A1S3LPJ0",-0.0123163063545973
"A0A1S3NG23",-0.0123159114614199
"A0A1S3KJY9",-0.0123130575569741
"A0A1S3MUY0",-0.0123122348394134
"A0A1S3RQ97",-0.0123117718644348
"A0A1S3KJY1",-0.012311224803505
"A0A1S3KXH4",0.0123110890026137
"B5X116",-0.0123103427075601
"A0A1S3QKG7",-0.0123089093088552
"A0A1S3T1X9",-0.0123075939789205
"A0A1S3Q1N6",0.0123006114746082
"A0A1S3KQI3",-0.0122996421799455
"A0A1S3NQ40",-0.012294280746304
"A0A1S3LZZ5",-0.0122933134891213
"A0A1S3RMF2",-0.0122933106930923
"A0A1S3PNM6",-0.012293008399873
"A0A1S3S0Q1",-0.0122909390768813
"A0A1S3P461",-0.0122871754050871
"A0A1S3RDT4",-0.0122837432087503
"B5X1D5",-0.0122833720835711
"A0A1S3L7Y6",-0.0122829975132491
"A0A1S3RV72",-0.0122824397415175
"A0A1S3RWX1",-0.0122823502890752
"A0A1S3MN25",-0.0122820287628134
"A0A1S3M396",-0.0122819692834487
"A0A1S3P611",-0.0122768780751425
"B9EQ52",-0.0122758488248151
"A0A1S3NXA0",0.0122747997591114
"A0A1S3QSY4",-0.0122732501649789
"A0A1S3PDP6",-0.0122731291610465
"A0A1S3LJW8",-0.0122644346841045
"B5X869",-0.0122605812990393
"P11251",-0.0122603305705933
"A0A1S3MHG0",0.0122601418050635
"A0A1S3KPA1",-0.012259451534158
"A0A1S3PUS9",-0.0122552498031537
"A0A1S3SFR7",-0.012253277683232
"A0A1S3NW14",-0.0122531279004664
"A0A1S3SZ31",0.0122524534665259
"A0A1S3PDR9",-0.0122481192248575
"A0A1S3RWN2",-0.012247864505616
"A0A1S3PMV2",0.0122476960235532
"A0A1S3PLI2",-0.0122473021110658
"B5X417",-0.0122471353131223
"B5X1V1",-0.0122448190938871
"A0A1S3MU94",-0.0122431696545524
"A0A1S3N4B4",-0.0122404375342329
"A0A1S3SB93",-0.0122392201288853
"A0A1S3PSM3",-0.0122378541008821
"B5DGU9",-0.0122366967215597
"A0A1S3SWQ5",-0.0122356370547236
"A0A1S3LQ55",-0.0122355279921928
"A0A1S3MW87",0.0122349987368142
"B5X1Q2",-0.0122335769226584
"A0A1S3N9T6",-0.0122328071076029
"A0A1S3P2T1",-0.0122312592452695
"A0A1S3LIX6",-0.0122300628330386
"A0A1S3NA67",-0.0122296470659576
"A0A1S3PIC7",-0.0122256483608527
"A0A1S3KRF1",-0.0122248072107277
"A0A1S3LCS3",-0.0122244620481196
"A0A1S3N3D4",-0.0122147365867933
"A0A1S3P9N7",-0.012212381556667
"B5X9L4",0.0122094025676889
"A0A1S3NVA6",0.0122083241523007
"B5X2E8",-0.012205986463468
"B5X7A0",0.0122049403756104
"A0A1S3PLM2",0.0122009270571825
"A0A1S3MXE8",-0.0122009051391482
"A0A1S3LUJ8",-0.0122005770178262
"B5X8G3",-0.0121957588139919
"A0A1S3L246",-0.0121942928363809
"A0A1S3T3B7",-0.0121909924432418
"A0A1S3L0W4",-0.0121907807851543
"A0A1S3RDD9",0.0121903199534074
"C0H8B9",-0.0121885862498143
"A0A1S3MMG4",-0.0121875779766627
"A0A1S3QLE2",-0.0121814281799907
"B3TDD9",-0.0121810798849095
"A0A1S3PH49",0.0121786415476869
"A0A1S3LBM1",-0.0121783927294734
"A0A1S3Q0W5",-0.0121752370355853
"A0A1S3PH97",-0.0121728158174159
"A0A1S3MB71",-0.0121728011344207
"B5X645",-0.0121660397699161
"B5XCU8",0.0121644916821363
"A0A1S3KTV4",-0.0121635452579938
"A0A1S3M8E6",-0.0121603405625287
"A0A1S3LZS4",-0.0121592607315512
"A0A1S3RBG5",-0.0121559292430996
"A0A1S3RMQ3",-0.0121557723359287
"C0HA35",-0.0121555992568987
"A0A1S3RKP6",-0.0121521084848882
"A0A1S3N9D8",-0.0121475319735863
"A0A1S3KTD2",-0.0121465268012317
"A0A1S3PKM4",-0.0121438474422873
"B5XFN6",0.012142406840306
"A0A1S3STC1",-0.0121410474441378
"A0A1S3S5H8",-0.0121404612923459
"A0A1S3KZY2",-0.0121399361967637
"A0A1S3P7Q2",-0.0121397831945248
"A0A1S3LAN0",-0.0121368694373349
"A0A1S3NSD7",-0.0121334710524069
"A0A1S3QXX0",-0.0121308103363852
"A0A1S3KM43",-0.0121293265846144
"A0A1S3RGT7",0.0121247875466156
"A0A1S3PA40",-0.0121235201910338
"A0A1S3N017",-0.012122883181744
"A0A1S3PYI5",0.0121192989499892
"C0H8U9",-0.0121189793506314
"A0A1S3M7B3",-0.012114549048491
"B5XAZ2",-0.0121126255909731
"A0A1S3NQZ7",-0.0121078064261897
"A0A1S3NTN3",-0.0121036537132685
"A0A1S3M7E4",-0.0121027995207928
"A0A1S3NJ70",-0.0121018106553668
"A0A1S3NWG4",-0.0121014027374447
"A0A1S3MKP3",-0.0121001630529789
"A0A1S3RQK4",-0.0120964893262572
"A0A1S3L387",0.0120923325580441
"B5X1K8",-0.012091847293162
"A0A1S3NTA5",-0.0120891456053009
"A0A1S3SZ27",-0.0120876605291851
"A0A1S3N3G4",0.0120845649824491
"C0HAB0",-0.0120835729513942
"A0A1S3LED9",-0.0120763978133177
"B5X6N4",0.0120730077344236
"A0A1S3P782",0.0120700547686327
"A0A1S3LCB1",-0.0120645684138456
"A0A1S3KYK2",0.0120623097731438
"A0A1S3Q466",-0.0120615285278326
"B5X5H1",0.0120611790733406
"A0A1S3SF68",0.0120602956579954
"A0A1S3N8F2",-0.0120585772623638
"A0A1S3KML3",-0.0120573366733602
"A0A1S3MZV7",-0.0120563182918905
"A0A1S3RGG3",-0.0120560729113596
"A0A1S3Q8A9",0.0120519511828662
"B5X3R0",-0.0120519303726565
"A0A1S3QMP6",-0.0120493237065664
"B5X6V8",0.012048467096055
"B9EPC9",-0.0120468908737969
"A0A1S3MEZ3",-0.0120467920329244
"A0A1S3KN44",0.0120435867663958
"A0A1S3RPT3",-0.0120430946904797
"A0A1S3R9J3",-0.0120422543351536
"A0A1S3Q569",-0.0120421261389289
"A0A1S3N6W3",-0.0120410406903878
"A0A1S3RZN3",-0.0120407074558255
"A0A1S3PFB6",0.0120372627556514
"A0A1S3MB61",-0.0120356825514782
"A0A1S3L018",-0.0120356632578856
"A0A1S3Q9R3",0.0120346808922319
"A0A1S3PLL2",-0.0120334083691482
"A0A1S3R466",-0.0120323493550429
"A0A1S3NNX6",-0.0120323425144849
"A0A1S3MUH5",-0.0120313701241156
"A0A1S3LB19",0.0120289267968238
"A0A1S3MHU4",-0.01202736235736
"A0A1S3KLM5",-0.0120273473447673
"A0A1S3PM31",-0.0120254667484236
"A0A1S3SHE5",-0.0120199801434434
"B5X2U5",-0.0120173454618205
"A0A1S3R5C3",-0.0120145464712118
"A0A1S3RIG2",-0.0120145163420442
"A0A1S3R1S2",-0.0120140849386276
"A0A1S3PLL6",-0.0120135373555244
"A0A1S3PA96",-0.01201246932091
"A0A1S3MCT8",-0.0120090339522329
"A0A1S3LEC7",0.0120035402180263
"A0A1S3PTN7",-0.0120031767282826
"A0A1S3LQ06",0.0120021914456312
"A0A1S3PLC4",-0.0120018040275822
"B5X6H9",0.0120013162273578
"A0A1S3MD25",-0.012000360902631
"A0A1S3N9B2",0.0119963529194607
"A0A1S3LM38",-0.0119939674598578
"A0A1S3RUN9",-0.0119920673681918
"A0A1S3MHB8",0.0119907721559466
"A0A1S3NZM8",-0.0119887571158108
"B9EQ28",-0.0119869598264219
"A0A1S3QNP0",-0.011984977425944
"A0A1S3QWL5",-0.0119787409978196
"B5XBB0",0.0119781653428677
"A0A1S3S154",-0.0119769993247795
"A0A1S3L2W7",-0.0119763354586485
"A0A1S3QMB1",-0.0119751966490891
"A0A1S3L1Z3",-0.0119738163855689
"C0HAG8",-0.0119730515556203
"B5X1N5",0.0119727212327341
"A0A1S3QY72",0.0119716496410123
"A0A1S3NES1",-0.0119706215389959
"A0A1S3PZA6",-0.011969383864775
"A0A1S3LN04",-0.0119672950980527
"A0A1S3PXQ1",-0.0119633214718223
"A0A1S3NP16",-0.0119604890898112
"A0A1S3KZ67",-0.0119595462708522
"A0A1S3PIF0",0.0119593465889068
"A0A1S3M789",-0.0119587275165535
"A0A1S3S6F4",-0.0119585486029459
"A0A1S3Q8Z2",0.0119570287385843
"A0A1S3L892",0.0119555005152028
"A0A1S3Q8P7",0.0119549714951265
"A0A1S3Q5C2",-0.0119528766353975
"A0A1S3LB03",-0.0119516013263261
"A0A1S3NX99",-0.0119513386601136
"A0A1S3LP30",-0.0119497269098336
"A0A1S3RWK6",0.0119461656757706
"A0A1S3L8U2",-0.0119439087551838
"B5X1F9",-0.0119425371801175
"A0A1S3QZ97",0.0119418310908661
"A0A1S3SEI4",0.011941564374942
"A0A1S3KL55",-0.011937647146434
"A0A1S3LIB5",-0.011933073925077
"A0A1S3LWF8",-0.0119322743573418
"B5X999",0.0119318538626391
"B5X859",-0.0119280033283346
"B5XBI0",-0.0119274053680107
"A0A1S3MID0",0.0119253756929841
"A0A1S3N1H4",-0.0119247847971106
"A0A1S3PG15",-0.0119239103988912
"A0A1S3RR48",-0.0119236788968401
"A0A1S3KXQ5",-0.0119232164813841
"A0A1S3QAH0",-0.0119228599300395
"A0A1S3P9B8",-0.0119213854439935
"A0A1S3LDD7",0.0119212070412288
"A0A1S3QRK4",-0.0119206201734842
"A0A1S3Q9B0",0.0119158117158266
"A0A1S3PES5",-0.0119151221603107
"A0A1S3R7G2",-0.0119107491897133
"B5X6I8",-0.0119091684436995
"A0A1S3T4C0",-0.0119089509359078
"A0A1S3NHZ7",-0.0119086289280294
"B5X5M2",0.011907104981335
"A0A1S3MBN4",-0.011905699237617
"A0A1S3KQ14",-0.0119053798088506
"A0A1S3L898",-0.0119032431340037
"A0A1S3SNG1",-0.0118996428373693
"A0A1S3RVU0",-0.0118991196546257
"A0A1S3R0G4",-0.0118979186545262
"B5X6F3",-0.0118957354499014
"A0A1S3KRU8",-0.0118953798414037
"A0A1S3QK48",-0.0118948478597094
"B5X5M4",-0.0118889453170836
"A0A1S3KPF6",-0.0118885712716141
"A0A1S3SVM3",-0.0118854747285766
"B5X7S4",0.0118843356750994
"A0A1S3NLI1",-0.0118798002832571
"A0A1S3NNU6",0.0118792933856345
"A0A1S3PQY8",-0.0118781379296202
"B5X0V1",-0.0118753214504032
"B5X6W1",0.0118743639846944
"A0A1S3M4U0",-0.0118721788997508
"A0A1S3KP47",-0.0118698459892625
"A0A1S3MIN7",-0.0118694730938729
"A0A1S3PAY6",-0.0118691945017199
"B5DGJ3",-0.0118683714187544
"A0A1S3PN96",-0.011865241445102
"A0A1S3KX59",-0.0118630744305541
"A0A1S3MWX0",-0.0118630080814387
"B5XGP5",0.0118613405234116
"A0A1S3SFR6",-0.011858293179922
"A0A1S3PKE1",-0.0118555806037096
"A0A1S3SUP3",-0.0118497683488517
"A0A1S3RUB3",-0.0118494909379756
"A0A1S3RYH0",-0.0118470360387077
"C0H894",-0.01184492821705
"B5XFY3",0.0118427991138346
"A0A1S3SJG5",-0.0118407210104339
"A0A1S3Q6I5",-0.0118406260218687
"B9ELN1",-0.0118392931589566
"A0A1S3LLV8",0.0118392284614258
"A0A1S3LK11",0.0118372949143101
"A0A1S3T3S6",-0.0118359513172019
"A0A1S3PWS6",-0.0118349226876682
"A0A1S3RRI6",-0.011834098301968
"B5X4F1",-0.0118300884186704
"A0A1S3PNC2",-0.0118282911053074
"A0A1S3NJR2",-0.0118269550546489
"B9EMQ5",-0.0118228129210637
"A0A1S3M766",-0.0118193157604293
"A0A1S3LQE9",-0.0118156678918018
"A0A1S3SB29",-0.011814377839669
"A0A1S2X522",0.0118124610613208
"B5XAU9",-0.0118043508451598
"A0A1S3MP38",-0.0118040400847378
"A0A1S3NDG1",-0.0118007158672501
"A0A1S3P6G1",-0.0117997468590329
"A0A1S3QYR6",-0.0117954983101887
"A0A1S3RS63",-0.0117919958198455
"A0A1S3QLK8",-0.0117911130214568
"A0A1S3P7E2",-0.0117908357380612
"A0A1S3S298",-0.0117903016954493
"A0A1S3NCW4",0.0117896006133305
"B5XEX1",-0.0117890223242381
"A0A1S3QG69",-0.0117888009939116
"A0A1S3N4J0",-0.0117876293474308
"A0A1S3SX66",-0.0117863285367462
"A0A1S3PTD2",-0.0117857678186029
"A0A1S3PH63",-0.011783180572933
"B5X3L5",0.0117829470394352
"A0A1S3KUJ8",0.0117827825630109
"A0A1S3MEZ0",-0.0117764312648024
"B5X1J3",-0.0117752367461835
"B5DFZ9",0.0117688440624239
"B5X4A7",-0.0117676797815641
"A0A1S3NUQ9",-0.0117612641760344
"A0A1S3RX32",-0.0117578164855351
"C0H9I5",-0.0117576767625842
"A0A1S3RWZ6",-0.0117571531683623
"A0A1S3KKU1",-0.0117546917317481
"A0A1S3N2U6",-0.0117545835807192
"A0A1S3KTU1",-0.0117530662529655
"A0A1S3Q444",-0.0117510219912489
"A0A1S3SNP6",-0.0117509887782751
"A0A1S3MH76",0.0117502082424861
"A0A1S3NQH2",0.0117500882575874
"A0A1S3NN82",0.0117493899065777
"A0A1S3PC56",-0.0117493301108058
"A0A1S3P7M9",-0.0117488991635463
"A0A1S3M6K1",0.0117482545269244
"Q6R758",0.0117467184258785
"A0A1S3MLD2",-0.0117459674879991
"A0A1S3MF28",-0.0117454469051586
"A0A1S3RXS0",-0.0117448346387539
"A0A1S3NIW7",-0.0117447811524412
"A0A1S3MTD0",-0.0117437286072946
"A0A1S3M2Y5",-0.0117435527016674
"A0A1S3SBF3",-0.0117428929006088
"A0A1S3RGA7",0.0117406215367044
"A0A1S3SMA4",-0.0117404293721737
"B5X7V6",-0.0117368419899891
"A0A1S3S0R9",-0.0117367649428441
"A0A1S3NFZ3",0.0117348280414102
"B5X3U8",-0.0117268137718403
"A0A1S3T570",-0.0117210875115751
"A0A1S3NPU4",-0.0117200332139143
"B5X3G1",-0.0117197995122824
"C0HAB6",-0.0117194439728894
"A0A1S3LES7",-0.0117184641529194
"A0A1S3PH55",-0.011716640581115
"B5XB52",-0.0117159784198332
"A0A1S3NJH0",-0.0117091435725259
"A0A1S3MMP8",0.0117053669038566
"A0A1S3SHY9",-0.011705311376727
"A0A1S3L6X6",-0.0117028464898209
"A0A1S3LPU3",-0.011701151866794
"B9ELK2",-0.0116998761786703
"A0A1S3N2P0",-0.0116980022455563
"A0A1S3KSK4",-0.0116957816027795
"B5DGM3",-0.0116954700589836
"A0A1S3MWA8",-0.0116952801232749
"A0A1S3MW43",-0.0116946416801303
"A0A1S3KNX6",-0.0116940397346284
"A0A1S3NFI8",-0.0116939527598303
"A0A1S3KV36",-0.0116890666574937
"A0A1S3S1X5",-0.0116889318752577
"B5X2I6",-0.0116860528105088
"A0A1S3MX13",-0.0116850973282975
"A0A1S3PHK8",0.0116845628275944
"A0A1S3M884",-0.0116840909777038
"B5X4U8",-0.0116770138028042
"A0A1S3N4K4",-0.0116760385577941
"A0A1S3SPG5",-0.0116731182102228
"A0A1S3SIY2",-0.0116705518714773
"A0A1S3LWD4",-0.0116694611739161
"C0H938",-0.011668362403587
"A0A1S3LZI4",-0.0116672273385802
"A0A1S3ND94",0.0116671052745808
"A0A1S3PBU0",-0.0116659716034568
"A0A1S3QLF5",-0.011664940128236
"A0A1S3KVJ7",0.0116599646509081
"B5X672",0.01165821414075
"A0A1S3MUP0",0.0116580598554742
"A0A1S3NPA8",-0.0116485159925313
"B5XGW5",-0.0116480783795548
"A0A1S3SVI7",-0.0116456160314982
"B5DGV2",-0.0116448082768604
"A0A1S3NJ03",-0.0116412896417722
"A0A1S3L8R0",-0.0116408404608517
"A0A1S3PJT0",-0.0116407819546953
"A0A1S3KLZ4",-0.0116405155910797
"C0HAF6",0.0116321147605466
"A0A1S3SJJ6",-0.0116315019770649
"A0A1S3SEU6",-0.0116303503069287
"A0A1S3QVI1",-0.0116303212563597
"B5XE18",0.0116293854470673
"C0H7B6",-0.0116280115941852
"A0A1S3LKA5",-0.0116279069162858
"A0A1S3T1Y2",0.0116257749741326
"A0A1S3P463",0.0116241205984148
"B5X266",0.0116234097161925
"A0A1S3S7A2",-0.0116195060542143
"B5XCZ5",-0.011616506780657
"A0A1S3MJQ4",-0.0116154849466488
"A0A1S3NZB8",-0.011614691204112
"B5X449",-0.0116137468268915
"A0A1S3QIL1",-0.0116125231228338
"A0A1S3NHR9",-0.0116105228101824
"A0A1S3L8G8",-0.0116100702776611
"A0A1S3Q1M9",0.0116091572406137
"A0A1S3P043",-0.0116006748703119
"A0A1S3KSA6",-0.0116006628898713
"A0A1S3SMY4",-0.0116000319462015
"A0A1S3MPK6",-0.0115984038131651
"A0A1S3MZ11",0.0115963390633831
"A0A1S3NHJ5",-0.011596335827252
"A0A1S3T503",-0.011593075859827
"B5X4Y0",-0.0115929567035875
"A0A1S3M7W6",-0.0115918976891074
"B5XC13",-0.0115909583023778
"B5DG36",-0.0115905276936153
"A0A1S3N3J8",-0.0115881701215425
"A0A1S3QGI7",-0.0115840906809064
"A0A1S3QGW9",-0.0115808276892016
"A0A1S3PXD5",-0.0115792511796034
"A0A1S3NG90",-0.0115775473121733
"A0A1S3SCN7",-0.0115762749896479
"A0A1S3LSA1",-0.0115753366362819
"A0A1S3NZM9",-0.0115734103194507
"B5X397",0.0115701961624376
"B5DGS0",-0.0115690595172257
"A0A1S3KLG7",0.0115677121227448
"A0A1S3MNW7",-0.0115661648642391
"A0A1S3LQF5",-0.0115624782834352
"A0A1S3QY46",-0.0115606483204303
"B1H3P7",-0.0115576171156161
"A0A1S3PP80",0.011555110963957
"B5XDX2",-0.0115538265829995
"A0A1S3NGC0",-0.0115532930807392
"A0A1S3Q906",-0.0115510652936314
"A0A1S3LTD2",-0.011550817022215
"A0A1S3T0X3",-0.0115503191873914
"A0A1S3RIZ2",0.011549863407019
"A0A1S3Q4D9",-0.0115481347866586
"B5X448",-0.0115481130679838
"A0A1S3NT36",-0.0115473911048914
"A0A1S3LK79",-0.0115410342289537
"B5XB58",-0.0115393012526846
"A0A1S3M9I5",-0.0115384692445387
"A0A1S3M8A3",-0.0115364034379365
"B5X4N0",-0.0115336132091127
"A0A1S3NGT7",-0.0115325876440546
"A0A1S3Q426",-0.0115324334740504
"A0A1S3SQT4",-0.0115324082990995
"A0A1S3PCC2",-0.0115319601346709
"A0A1S3S2Y5",-0.0115316128581838
"B5XEI0",-0.0115313811828738
"A0A1S3SU59",0.0115279772342128
"A0A1S3LNZ4",0.0115277197387315
"A0A1S3QGI3",-0.0115275166227201
"A0A1S3MSD5",-0.01152457814719
"A0A1S3N774",0.0115231288978652
"A0A1S3QPR5",0.0115209568457261
"A0A1S3L5B3",-0.0115191230826983
"A0A1S3MCN9",0.0115158385785515
"B5X3L3",0.0115154409584497
"A0A1S3T4B2",-0.0115152787855749
"B5X330",-0.0115145597826337
"A0A1S3L0D8",-0.0115140094471575
"A0A1S3RMJ3",-0.0115128483043528
"W5S0I8",-0.0115100987098728
"A0A1S3KYV1",-0.0115081798016453
"A0A1S3QUA8",-0.0115075674063667
"A0A1S3PMF6",-0.0115030507341992
"A0A1S3RC18",-0.011502387899466
"B5X8L0",-0.0114980728574707
"A0A1S3KQG8",-0.0114970300586646
"A0A1S3RBI8",-0.0114960561828452
"A0A1S3KRK5",-0.0114906320584212
"A0A1S3R8F0",-0.0114895650794015
"A0A1S3P030",-0.0114880435319353
"A0A1S3KMU4",0.0114880409508299
"A0A1S3MB59",-0.0114859792716192
"A0A1S3NNC1",0.011485147072172
"A0A1S3PYB7",-0.011482410785022
"A0A1S3T1S5",-0.011478472738966
"A0A1S3LYL0",-0.0114783157578098
"B5X7M2",0.0114780222757404
"A0A1S3SH45",-0.011477432291579
"A0A1S3RVA2",0.0114773705375034
"A0A1S3PHQ1",-0.0114773476361289
"B9ELL8",-0.0114720275007425
"B5DFZ8",-0.0114671991566631
"A0A1S3RW82",0.0114645644253129
"A0A1S3LBR2",-0.0114605154564663
"A0A1S3KJ33",0.0114596122338414
"A0A1S3P392",-0.0114588180336969
"C0H8A6",-0.0114565467124173
"A0A1S3SWX7",-0.0114550793854719
"A0A1S3NAC7",-0.0114549279720475
"A0A1S3PC92",-0.0114535255060332
"A0A1S3LWX0",-0.0114520968208039
"A0A1S3QTN0",0.011451951111588
"B5X838",-0.0114515868478579
"A0A1S3Q4C3",-0.0114514054295954
"A0A1S3SXE9",-0.0114500574465306
"B5X0U2",-0.0114475228989345
"A0A1S3KQ60",-0.0114448979806022
"A0A1S3LN99",-0.0114430894273728
"A0A1S3SFF8",-0.0114420188590833
"A0A1S3SML0",-0.0114387986084185
"A0A1S3LA03",0.0114374615128315
"A0A1S3SWF6",-0.0114326756697965
"A0A1S3PFC9",0.0114284917260078
"A0A1S3NDL3",-0.0114281910074713
"A0A1S3LM80",-0.0114279590346611
"A0A1S3PQ02",-0.0114256507846893
"A0A1S3SI65",-0.0114252205935911
"A0A1S3PZP1",-0.0114232806714144
"A0A1S3NJV7",-0.0114223792766681
"A0A1S3SBQ1",-0.0114206937780624
"A0A1S3SFG0",0.0114197916567535
"A0A1S3L7A3",-0.0114116042314041
"A0A1S3MWI6",0.0114104584068658
"P51965",-0.0114097957598103
"B5X4D5",-0.0114081642346631
"A0A1S3NBZ7",0.011406693045604
"A0A1S3P3M8",0.0114062365070239
"A0A1S3RRD2",-0.0114023754883469
"A0A1S3R9L4",-0.0114023402977094
"A0A1S3SJA9",-0.0114016162076919
"A0A1S3KWC4",0.0114003567475042
"A0A1S3NRW9",0.0113941929950151
"A0A1S3KXG6",-0.0113940134704631
"A0A1S3N4N2",0.0113932479205356
"A0A1S3PBY1",-0.0113931012746135
"A0A1S3NAZ9",-0.0113889406216491
"A0A1S3QJ47",-0.0113851257247084
"B5X2B2",-0.011384482758341
"A0A1S3KXQ7",-0.0113843871111654
"A0A1S3M9V5",-0.0113840154168527
"A0A1S3NZZ3",-0.0113800164132402
"A0A1S3N5Z8",-0.0113769149901322
"A0A1S3NK38",-0.0113761534818979
"A0A1S3Q3M8",-0.0113741020793762
"A0A1S3T5P4",-0.0113702437000737
"C0H8B7",-0.0113685978349089
"B5XB99",-0.0113677498634582
"B5X8N3",0.0113666319204491
"A0A1S3P8S6",-0.0113662977421975
"A0A1S3SQ86",-0.011360889382509
"A0A1S3QVR5",-0.0113607699418741
"A0A1S3RIS0",-0.0113605444184859
"A0A1S3R1B9",-0.011360088485553
"A0A1S3L2Q2",0.0113589923830983
"A0A1S2WYT7",-0.0113552642221181
"B9ELR3",-0.0113546809806029
"A0A1S3LFS7",-0.0113531304779277
"A0A1S3QGB6",-0.0113528890553784
"A0A1S3RBV9",0.0113526771921889
"A0A1S3SV23",-0.0113499575105483
"A0A1S3SRV4",-0.0113499127874428
"A0A1S3LAB6",-0.0113495027305679
"A0A1S3PTN0",-0.0113493526542206
"B5XET6",-0.0113491949694853
"A0A1S3R7H7",-0.0113409737649229
"A0A1S3MB93",-0.0113397076775113
"A0A1S3T5T8",-0.0113354745921567
"A0A1S3P0H8",-0.0113300706964762
"A0A1S3P9I9",-0.011325969366411
"A0A1S3MEF7",-0.0113203968872807
"A0A1S3M961",-0.0113135339861403
"A0A1S3LFD2",-0.0113128196445925
"A0A1S3KKC7",0.0113104911794267
"B5X1E1",-0.0113102331330206
"B5XFF8",-0.0113093058826186
"B5XC54",-0.011307705406621
"B5X3K2",-0.0113051480281974
"A0A1S3MXY2",-0.011304460030292
"A0A1S3T599",-0.0113039688528968
"A0A1S3RTX1",-0.0113038976240158
"B5DGA4",-0.0113017009647013
"A0A1S3PKR0",-0.0112961277759307
"A0A1S3PQ31",0.011295687122899
"B5XCU4",-0.0112940371028641
"A0A1S3R056",0.0112939778675939
"B5X443",0.0112910570636382
"A0A1S3KSH7",-0.0112888352012176
"B9EQ41",0.0112881586062984
"A0A1S3SW22",0.0112881367566433
"A0A1S3MAE0",-0.01128691764196
"A0A1S3QKR3",-0.0112861582006351
"A0A1S3SSE9",-0.0112844678829299
"A0A1S3PMC1",-0.0112839753085506
"B5X6E9",-0.0112827163045842
"A0A1S3KML6",-0.0112822582832551
"A0A1S3LUF8",-0.0112821155754561
"A0A1S3L1C8",-0.0112797581921949
"A0A1S3MNH5",-0.0112777304912784
"C0H8F9",0.0112766948070773
"A0A1S3M7D5",-0.0112757119178232
"A0A1S3MU17",-0.0112756351071609
"A0A1S3MUF1",-0.0112747412971979
"B5X4L1",-0.0112703248661564
"A0A1S3LPH0",-0.0112692877109238
"B9EP31",-0.0112667035596094
"A0A1S3S2J1",-0.0112647193954184
"B5XCJ8",-0.0112629419427709
"A0A1S3L0S7",-0.0112626081028386
"A0A1S3M3K9",-0.0112613755059749
"A0A1S3QQV2",-0.0112610627790744
"A0A1S3QF76",-0.011257526817058
"A0A1S3N336",-0.0112551737461398
"A0A1S3NQ78",-0.01125208345837
"A0A1S3P990",-0.0112511246859004
"A0A1S3PQI7",-0.0112476524616001
"A0A1S3SZ25",-0.0112449213551194
"A0A1S3LFP9",-0.0112442642838688
"B5X4Y9",0.0112418300053716
"A0A1S3R6H8",-0.0112390764094631
"A0A1S3PKV5",-0.0112386646992955
"A0A1S3P6Q4",-0.0112370996819578
"A0A1S3M7F5",-0.0112359735586861
"A0A1S3PL33",0.0112350870850908
"A0A1S3PYP9",0.0112312156435979
"A0A1S3LK69",0.0112300239770166
"A0A1S3RRY9",-0.0112269045833554
"A0A1S3NTY8",-0.0112250248793718
"A0A1S3KI99",-0.0112248023354155
"A0A1S3KVQ8",-0.0112246386582421
"A0A1S3MFD8",0.0112241193004401
"B5DGJ5",-0.0112238922919403
"A0A1S3SN57",-0.011222601052921
"A0A1S3Q0E7",0.0112210569554406
"B5XBN6",-0.0112203462759436
"B5X8T1",-0.0112167029525819
"A0A1S3MY53",-0.0112124642838507
"A0A1S3R8H5",0.0112124184981222
"A0A1S3MDI8",-0.0112084019272199
"A0A1S3NPJ4",-0.0112069654832816
"B5XCW1",-0.0112066041589415
"A0A1S3N742",-0.0112045480825487
"A0A1S3RL81",-0.011204424738999
"A0A1S3QNX8",-0.0112040554576697
"A0A1S3R945",-0.0112036473139917
"A0A1S3N3U6",0.0112033123271711
"A0A1S3NZA1",-0.0112007164704978
"A0A1S3MSN0",-0.0111980177954411
"A0A1S3QT31",-0.0111948033861427
"A0A1S3P2I1",-0.011194518927112
"A0A1S3NR00",-0.0111941615700814
"C0H9I1",-0.0111940273184329
"A0A1S3PGQ9",-0.0111908085083897
"C0HBB1",-0.0111899897501733
"A0A1S3RBL7",-0.0111893986377239
"A0A1S3QHI0",0.0111886362853206
"A0A1S3P5Y4",-0.0111852459749233
"A0A1S3KRY0",0.0111829871256622
"A0A1S3LCQ4",-0.0111818663055849
"A0A1S3RZ22",-0.0111809454187995
"A0A1S3MN61",0.011179438550307
"B5XEE9",-0.0111782197242542
"B5XC68",-0.0111744622057787
"A0A1S3PSB0",0.0111740869431708
"A0A1S3T6N2",-0.0111738031508826
"A0A1S3QRU4",-0.0111737002299721
"B5XED3",0.0111717720605945
"A0A1S3M0U2",0.0111704557472782
"A0A1S3LG49",-0.0111699275877257
"A0A1S3MQN4",-0.0111613450424149
"C0H9G6",0.0111587715132301
"A0A1S3QR93",0.0111566617943932
"A0A1S3SXR8",-0.0111559761478613
"A0A1S3SC66",-0.0111546729279278
"A0A1S3Q642",-0.0111522369312249
"B5XCF3",-0.0111518436657333
"A0A1S3P4K8",-0.0111515077921503
"A0A1S3T2X2",-0.0111471486176813
"A0A1S3KT67",-0.0111419804000905
"A0A1S3KRS9",-0.0111390287251234
"A0A1S3MQ35",-0.0111388025937719
"A0A1S3P6P0",-0.0111382186755859
"B5X2K2",-0.0111352479055765
"A0A1S3PG77",-0.01113418258038
"A0A1S3KK24",-0.0111258660486001
"A0A1S3T153",-0.0111257737553365
"A0A1S3RA14",-0.0111250983764556
"B5X6I9",-0.0111229045447159
"B5X6Z1",-0.0111192495304736
"B5X3F5",-0.0111185253939489
"A0A1S3N1M6",-0.0111183354085208
"A0A1S3KZS2",-0.0111169940807237
"A0A1S3L6B1",-0.0111163223218921
"A0A1S3Q6G4",-0.0111161688336465
"A0A1S3N344",-0.0111141928608671
"B5X0T2",-0.0111129767392145
"A0A1S3M4U3",0.011109044321175
"B5X0Z6",-0.0111075333706188
"B5X1G1",0.0110993636167572
"A0A1S3PPQ7",-0.0110978977956588
"B5X4S6",-0.0110945294360799
"B5DFW1",0.011092647848655
"A0A1S3NMK2",-0.0110915753673498
"A0A1S3LTM9",0.0110913023051965
"A0A1S3MVD8",-0.0110905859904215
"A0A1S3P7F7",-0.0110899563924169
"A0A1S3PJK0",-0.0110886628397101
"A0A1S3LGL9",-0.0110881317519506
"A0A1S3NYD3",-0.011084523228328
"A0A1S3LJS7",-0.0110834400873655
"A0A1S3MEI6",-0.0110761992214867
"A0A1S3N6L4",-0.0110749172579787
"B5DGC6",-0.0110675319872599
"A0A1S3RGA0",0.0110670467033098
"A0A1S3P5P9",-0.0110637179542735
"A0A1S3PNF6",-0.0110629693485315
"A0A1S3QYH2",-0.0110627992604229
"A0A1S3P0T6",0.0110597648310427
"A0A1S3PZH2",0.0110596054528061
"A0A1S3MI44",0.0110585831267819
"A0A1S3RN55",0.0110578463712282
"A0A1S3RC90",-0.0110571510481858
"A0A1S3LMW9",-0.0110570817485829
"A0A1S3PJV5",-0.0110569308981464
"B5X4B8",-0.0110519988100023
"A0A1S3LJ71",-0.0110460790694973
"B9EPG4",-0.0110442150342042
"B5X6D2",0.0110358276452485
"A0A1S3SL90",0.0110349177422251
"A0A1S3REY6",-0.0110311854784897
"A0A1S3PZY3",-0.0110299724723497
"A0A1S3L036",0.0110294348183645
"A0A1S3N1P2",-0.011027593657984
"A0A1S3PAY5",0.0110274914753806
"A0A1S3RRR7",-0.0110273041439663
"A0A1S3L255",-0.0110255743959581
"A0A1S3NN15",-0.0110235169708028
"A0A1S3M505",-0.0110224422080454
"A0A1S3NM36",-0.0110207237737397
"B5X9L9",-0.0110174860089645
"A0A1S3L0I0",-0.0110163719769976
"B9EM45",-0.0110156680619575
"B5X3I4",0.0110149994801525
"A0A1S3R6G9",-0.0110126781908589
"A0A1S3RYZ2",-0.0110111741624059
"A0A1S3LL59",-0.011010749979421
"A0A1S3SR80",-0.0110047666389552
"B5XDA4",-0.0110042448619239
"A0A1S3P0L1",-0.0110042327430208
"A0A1S3M4H0",0.0110031445247709
"A0A1S3KYV7",-0.0110024227093334
"A0A1S3NSP5",0.0109995194795024
"A0A1S3PJT4",-0.0109979362020632
"A0A1S3Q7V2",-0.0109947011703036
"B9EQ61",-0.0109938588325676
"A0A1S3NW92",-0.0109924343761385
"A0A1S3LCC7",0.0109856519798814
"A0A1S3Q2X4",-0.0109851217828231
"A0A1S3MJG8",-0.0109848791822673
"C0H9I6",-0.0109809792340147
"A0A1S3KWA4",-0.0109778489064339
"B5XAG4",-0.0109768430453313
"A0A1S3QLW1",-0.0109764724530354
"A0A1S3NMZ9",0.0109737513047293
"A0A1S3LJY3",0.0109666740129081
"A0A1S3RIB2",-0.0109650398298452
"A0A1S3T000",-0.0109650259133145
"A0A1S3NKW6",-0.010962387837286
"A0A1S3LN47",-0.0109587097065379
"A0A1S3P2D1",-0.0109553817137354
"A0A1S3NUK2",-0.0109548799065549
"A0A1S3Q9A4",0.0109540762207998
"A0A1S3SQH5",0.0109528067334843
"A0A1S3MDI5",-0.0109450380353396
"A0A1S3STF2",-0.0109449571868682
"A0A1S3MJI2",0.0109434339932077
"A0A1S3QKX4",-0.0109434256992133
"B5XBP6",0.0109414745217959
"B5X428",-0.0109390790306961
"A0A1S3QI52",-0.0109387589490917
"C0HB71",-0.0109378119435149
"A0A1S3RFL1",-0.0109362562647536
"A0A1S3L4X0",-0.0109235644478634
"A0A1S3L2S5",0.0109180633353133
"A0A1S3NZM1",-0.0109158493905081
"A0A1S3NTC8",-0.0109148563715417
"B5X719",-0.0109138961460196
"A0A1S3Q7C9",0.0109059672115869
"A0A1S3SBA6",-0.0109051550420308
"A0A1S3Q0Q2",0.0109048325016702
"A0A1S3N6W4",-0.0109036612079205
"A0A1S3NI00",0.0109026684122869
"C0HAD1",-0.010902660206006
"A0A1S3L5Z9",-0.0108989364344048
"A0A1S3KM90",-0.0108973215891998
"A0A1S3QRX1",0.0108935580745487
"A0A1S3PW06",0.0108915020845462
"C0HBT7",-0.0108905231456794
"B5X132",-0.0108895143227878
"A0A1S3MB65",-0.0108884207017879
"A0A1S3N338",-0.0108825668746075
"A0A1S3T3A0",0.0108823314629959
"B5X1Q1",0.0108820787610205
"A0A1S3QAG8",-0.0108748247375402
"A0A1S3MBA6",-0.0108731524781575
"A0A1S3M131",-0.0108710667589201
"A0A1S3T4K1",0.0108698785894583
"A0A1S3RE59",-0.0108698202412773
"A0A1S3NV54",-0.0108688503744592
"A0A1S3LJF6",-0.010863382077901
"A0A1S3P0I8",-0.0108620888744266
"A0A1S3MFT0",-0.010860938403066
"A0A1S3QDP9",-0.0108584432849247
"C0H9G4",-0.010856300791813
"B5X5G1",0.0108547498328037
"A0A1S3MK88",-0.0108533071479001
"A0A1S3PGB6",-0.0108525285772175
"A0A1S3L4A9",0.0108494011797434
"A0A1S3S6J9",-0.0108492281187372
"A0A1S3KMF4",-0.0108463087559783
"A0A1S3RTI0",0.0108384389192606
"A0A1S3KHZ2",-0.0108344883108425
"A0A1S3Q335",-0.010832828415593
"A0A1S3QKR4",-0.0108276750500091
"A0A1S3RKW3",-0.0108268838612476
"A0A1S3S8W9",-0.0108265508622154
"A0A1S3KTB2",-0.0108252507831299
"A0A1S3PI11",-0.0108212471232634
"A0A1S3PTV2",-0.0108177083865539
"A0A1S3NI14",-0.0108171805267943
"A0A1S3N018",-0.0108113284951795
"B5X307",-0.010808285095659
"A0A1S3MEN1",-0.010805682285732
"A0A1S3QHC6",-0.0108050158788561
"A0A1S3P849",0.0107976186917891
"A0A1S3PUI4",-0.0107975223324171
"A0A1S3S4I6",-0.010796254948026
"A0A1S3S1Y9",-0.0107891358676363
"B9ELH2",-0.0107881690906782
"A0A1S3SBM4",-0.0107878921426019
"A0A1S3NG15",-0.0107877138648583
"A0A1S3SX64",-0.0107872019774495
"A0A1S3MM06",-0.0107869953693143
"A0A1S3MAA1",-0.0107862188937661
"B5X959",0.0107830859285045
"A0A1S3MQA6",0.0107824277892697
"A0A1S3NEI0",-0.0107776563327194
"A0A1S3QS52",-0.0107745715930871
"B5DGQ7",0.0107732223609141
"A0A1S3LRH3",-0.0107678014693157
"A0A1S3R2C0",-0.0107676036949059
"A0A1S3SXF2",-0.0107663501849185
"A0A1S3LNM0",-0.0107636173819619
"A0A1S3NMP8",-0.0107613439190789
"C0HB58",-0.0107603731604591
"A0A1S3RN90",-0.0107598657531986
"B5XAF8",-0.0107593135103631
"B5X9L2",0.010756380551348
"A0A1S3LPF1",0.0107538120705807
"A0A1S3LVY2",-0.0107517551547029
"B5XE74",0.0107512261295921
"A0A1S3LCQ7",-0.0107510970238553
"A0A1S3M2Q0",0.0107506817114975
"A0A1S3P4R0",-0.0107457588574368
"A0A1S3NVA0",0.0107443559971617
"A0A1S3PBE8",0.0107397502509065
"A0A1S3PJS3",-0.0107338146174965
"A0A1S3SRK9",-0.0107317943455874
"A0A1S3NZJ9",-0.0107310538103456
"A0A1S3MI87",-0.0107290472238568
"Q3ZLR1",0.0107262569648296
"A0A1S3S7S7",-0.0107252861526568
"A0A1S3LUN7",0.01072371402426
"A0A1S3LQZ1",-0.0107215752721243
"A0A1S3LAT8",-0.0107214014157216
"A0A1S3KUZ4",-0.0107208635757193
"A0A1S3PAL7",-0.0107147886479386
"B5X4B5",-0.0107145149152921
"A0A1S3RIX5",-0.010714170063571
"C0H9K6",-0.0107101763920066
"A0A1S3P1Q9",-0.0107072875062251
"A0A1S3LLN3",-0.0107012624355988
"B5XB84",-0.0106995896012999
"A0A1S3LZZ3",-0.010698706692805
"A0A1S3MY70",-0.0106984377115915
"A0A1S3L0M2",-0.0106965166115079
"A0A1S3M1F1",-0.0106943975923244
"A0A1S3MJM0",-0.0106889008903436
"A0A1S3LA41",0.0106882460846377
"A0A1S3SA95",-0.0106876370448796
"A0A1S3RA24",-0.0106867209587368
"A0A1S3MYP8",-0.0106860794881912
"A0A1S3MZI7",0.0106839708190029
"A0A1S3L5M3",-0.0106838638930784
"A0A1S3PCY0",-0.010682121606947
"B5X2Y7",-0.0106801218379639
"B5XF86",0.0106746940151941
"A0A1S3N0Z5",-0.0106740023007327
"A0A1S3LV57",-0.0106727439689488
"A0A1S3KK93",0.0106714709838979
"A0A1S3P5U3",-0.0106658681115045
"A0A1S3PND0",-0.0106650610005866
"A0A1S3MTY0",-0.0106645852137815
"A0A1S3LT18",0.0106626838659467
"A0A1S3S7P6",-0.0106622539560854
"A0A1S3LZR4",-0.0106620675096264
"A0A1S3QT07",-0.0106564536388531
"A0A1S3PNZ8",-0.010656350380042
"A0A1S3PVC1",0.0106560813220445
"A0A1S3MBG6",0.0106550545299739
"A0A1S3LQ63",-0.0106534402725365
"A0A1S3MNP3",-0.010649191290166
"A0A1S3M8M5",-0.0106489613619642
"A0A1S3QDW3",-0.010648604206643
"A0A1S3L3E2",-0.0106451502889852
"A0A1S3R204",0.0106448094836227
"B5X747",-0.0106380199711221
"A0A1S3L2G4",-0.0106355561944761
"B5DG41",-0.0106353356847098
"A0A1S3KU96",-0.0106344513901425
"A0A1S3SWA4",-0.0106339605180802
"A0A1S3SHK5",-0.0106329320272631
"A0A1S3P1W1",-0.0106316542345231
"A0A1S3PPT8",-0.0106289093169088
"A0A1S3Q4S4",0.0106283151757078
"A0A1S3LWE3",-0.0106266796737029
"C0HAD0",-0.0106219740482668
"A0A1S3P7U1",0.0106203745060449
"A0A1S3SS74",-0.0106144699274693
"A0A1S3Q957",-0.0106144093443182
"A0A1S3PVE0",0.0106135138858032
"Q0H929",-0.0106120664309236
"B5X839",0.0106100984289667
"A0A1S3Q7T5",-0.0106036607928079
"A0A1S3NSX6",-0.0106031437264288
"B5X6M7",0.0106002317104973
"A0A1S2X8A4",-0.0105993642794471
"C0H879",-0.0105974856673558
"A0A1S3P860",-0.0105958475738346
"A0A1S3RU21",-0.0105916682404812
"A0A1S3QK39",-0.010589591703381
"A0A1S3LKJ1",-0.0105850029000179
"A0A1S3LRM7",-0.010581037896313
"A0A1S3LPM3",-0.0105767140736879
"A0A1S3LP94",-0.0105762494739663
"A0A1S3LRE1",-0.0105745196797543
"B5XEP3",-0.0105732456813016
"A0A1S3STL5",-0.0105723257184962
"A0A1S3P4T7",-0.0105698970450458
"A0A1S3N9Q7",-0.010568499649842
"A0A1S3SFF1",-0.0105681643199851
"A0A1S3MS21",-0.0105676700708906
"A0A1S3PQS3",-0.0105667001129742
"A0A1S3KW37",-0.0105641607054146
"A0A1S3R6B5",-0.0105636495960974
"A0A1S3R777",0.0105601016162288
"A0A1S3S3Z5",-0.0105571706448348
"A0A1S3SDV1",-0.0105549626987291
"A0A1S3N1C7",-0.0105541537935697
"A0A1S3QHM7",-0.0105511067822063
"A0A1S3M7H0",0.0105465809026607
"A0A1S3RJC4",0.0105463798734429
"A0A1S3MWK6",-0.0105442284020277
"A0A1S3SIG3",-0.0105441397720511
"A0A1S3RKS3",0.0105397172790563
"B5X7Q8",-0.0105308434915898
"A0A1S3LYB5",-0.0105228280855505
"B5XBV2",0.0105161024791142
"A0A1S3PFR0",-0.0105105762650306
"A0A1S3KWL9",-0.010510199545565
"A0A1S3M5J8",0.0105087024317109
"A0A1S3QRG1",-0.0105082366470228
"C0HBB2",0.0105071757016284
"A0A1S3LQ20",-0.0105028212978575
"A0A1S3KVJ6",-0.010500680895097
"A0A1S3RRE8",-0.0104957043969661
"C0H8S8",0.0104951188649983
"A0A1S3NSH8",0.0104942363546197
"A0A1S3Q0I7",-0.0104933942615716
"A0A1S3MIR5",0.0104908593599334
"A0A1S3KS82",-0.0104908166447777
"A0A1S3PGV4",-0.0104896652698772
"B5XB66",0.0104859151900669
"A0A1S3L8Q8",-0.0104849130680475
"A0A1S3Q3Y1",-0.0104847489568872
"A0A1S3LTR5",-0.0104818739571233
"A0A1S3KWB3",0.0104805536487518
"A0A1S3L4T8",-0.0104771342897835
"A0A1S3R9X5",-0.0104771333228486
"A0A1S3L3C5",-0.0104754323051643
"A0A1S3RB08",-0.0104739519469043
"A0A1S3MLA3",-0.0104724254800145
"A0A1S3RDP5",0.0104713224619304
"A0A1S3LPC3",-0.0104708981660242
"A0A1S3NQL3",-0.0104703800024447
"A0A1S3NEB8",-0.01046989555541
"B5X662",0.0104684431187375
"B5DGG5",-0.0104682089975224
"A0A1S3MH82",-0.0104676095022138
"A0A1S3SRZ7",0.0104667925296333
"B5XB14",0.01045770589474
"A0A1S3PF32",0.0104564321148352
"A0A1S3NRE4",0.0104535598898914
"A0A1S3M395",-0.010452270493796
"B5X393",-0.0104501873381953
"A0A1S3LDG5",-0.0104501477964967
"A0A1S3R439",-0.0104455313707271
"B9EPU6",-0.010444672037592
"A0A1S3SJH9",-0.010436120784839
"A0A1S3MSG2",-0.0104356077683444
"A0A1S3KZ09",-0.010433994398081
"A0A1S3SBB7",-0.0104325156224012
"A0A1S3N9A4",0.0104313630645606
"A0A1S3Q0Q9",0.0104246376034813
"A0A1S3RFW2",-0.0104245831644234
"A0A1S3LD17",0.0104223427701552
"A0A1S3R964",-0.0104205818779636
"B5X8M4",-0.0104147068049232
"A0A1S3RP68",-0.0104108855094087
"B5DGS9",-0.0104085236989864
"A0A1S3P7V5",-0.0104073783232454
"A0A1S3P8I1",-0.0104063225780214
"A0A1S3KS11",-0.0104049422471014
"A0A1S3PHG0",-0.0104044225769834
"B5X276",0.0104005156286426
"A0A1S3QMM0",-0.0103929679330597
"A0A1S3LW28",-0.0103922331361759
"A0A1S3RPX4",-0.0103907951095556
"A0A1S3M3G3",-0.0103904604566388
"A0A1S3RIN9",-0.0103886905998106
"B5XBS2",0.0103844876407583
"B5XAS9",-0.0103780510176397
"A0A1S3RH23",-0.0103775029762255
"A0A1S3SQK3",-0.0103722261177602
"B5X8E4",-0.0103720828311294
"A0A1S3SAG0",-0.010369969626689
"A0A1S3R5S3",-0.0103698896780054
"B5XFM6",0.0103688316076891
"C0H9A3",-0.0103567687506536
"A0A1S3M900",-0.0103554216634307
"A0A1S3RCR5",-0.0103552497473446
"B5XFG2",-0.0103523040813856
"A0A1S3RZG8",-0.010348088145899
"A0A1S3RC86",-0.0103466645932756
"A0A1S3NJT2",0.0103445179579256
"A0A1S3N9Q3",-0.010343913636361
"A0A1S3L974",0.0103436689588588
"A0A1S3QAT7",-0.0103436151143
"B5X0W2",-0.010334220502948
"A0A1S3MQW6",-0.0103341842337048
"A0A1S3Q4V7",-0.0103315800107454
"P52720",0.0103285233232207
"A0A1S3LD62",-0.0103221386011357
"A0A1S3NQJ2",0.0103208581464264
"A0A1S3RLD1",-0.0103168129526582
"A0A1S3QFR4",-0.0103155883349655
"A0A1S3PTM2",0.0103155467116995
"A0A1S3RKC1",-0.0103146548305774
"A0A1S3LXM4",-0.0103143497652074
"B5XFK5",-0.0103138134671973
"B5XCQ4",0.0103131841199812
"A0A1S3P548",-0.0103110291134012
"A0A1S3KPT2",-0.010310085044529
"B5X0Z5",-0.0103096647258715
"A0A1S3QNC7",-0.0103095353009896
"B5X6J3",-0.0103094723600846
"B5DFV6",0.0103084525989054
"A0A1S3P0R7",-0.0103055013365942
"A0A1S3STW2",-0.0103024604039786
"A0A1S3RWS8",-0.0103016674464444
"A0A1S3RXT5",-0.0103016632164955
"A0A1S3PKE5",-0.0103007127371918
"A0A1S3Q4V6",-0.0102997976988527
"A0A1S2X0R2",0.0102985931102103
"A0A1S3R4K7",-0.0102958074106306
"A0A1S3KMG2",-0.0102935205011362
"A0A1S3M9N9",-0.010292350450889
"A0A1S3T0G9",-0.0102870003859258
"B5X7N5",0.0102847029863862
"A0A1S3MML0",-0.0102845813719047
"A0A1S3Q1G4",-0.0102838329850351
"A0A1S3KN19",0.0102798218913294
"A0A1S3P8Z7",-0.010278788766377
"A0A1S3LNW7",0.010278114406268
"A0A1S3PLI7",-0.0102773050124982
"A0A1S3SL02",-0.0102770055154815
"A0A1S3L3A7",-0.0102756075937914
"A0A1S3RJS3",-0.0102721086176684
"A0A1S3SCS5",-0.0102716950332728
"A0A1S3PEN0",-0.0102632797399214
"A0A1S3M9Y7",-0.0102623549694378
"B5X1F8",-0.0102611030466147
"A0A1S3RZC9",-0.0102603106877983
"A0A1S3QGN2",0.0102593489373662
"A0A1S3QU11",-0.0102563713018326
"A0A1S3SJI8",-0.010254265347182
"A0A1S3R7P3",-0.0102525330552498
"A0A1S3S6E9",-0.0102495633832334
"A0A1S3MCW5",0.0102486407172468
"A0A1S3PVI8",-0.0102396274995469
"B5XCG4",-0.0102395339165899
"C0H840",-0.0102391240903005
"A0A1S3SEI6",-0.0102351611823405
"A0A1S3KJU0",-0.0102307106532774
"A0A1S3KPY1",-0.0102298466718867
"A0A1S3S8Z7",0.0102223361692262
"A0A1S3QJ36",0.0102203815135743
"A0A1S3Q1F9",-0.0102196248551413
"A0A1S3KKS2",-0.0102181623235519
"A0A1S3PJ83",-0.0102179074051965
"A0A1S3KUN7",-0.0102129330494769
"A0A1S3LWQ4",0.010211903634951
"A0A1S3L1J9",-0.0102098570746533
"A0A1S3MHY5",-0.0102096897851981
"A0A1S3T3D3",-0.0101995902331672
"A0A1S3RKS1",-0.0101991314057577
"B9EL76",-0.0101983112585462
"A0A1S3NJV3",0.0101960699470894
"A0A1S3RPM5",-0.0101960426795877
"A0A1S3LAU7",-0.010193112062333
"A0A1S3P6F4",0.0101927733999516
"B5XDU3",-0.0101913705079659
"A0A1S3NA07",0.010188957897098
"A0A1S3S7P1",0.0101864109355718
"B5XFI4",-0.010183698834809
"A0A1S3SCW7",-0.0101820110809602
"A0A1S3QUX1",0.0101797440209031
"A0A1S3RMQ2",-0.0101785659794152
"A0A1S3Q362",-0.0101785630643785
"A0A1S3M1B0",-0.0101783450689658
"A0A1S3QX81",-0.0101777787002263
"B5DG44",-0.0101754530635904
"A0A1S3LI93",-0.0101710810409924
"A0A1S3SDW3",-0.0101701726574791
"A0A1S3N812",-0.0101690586428786
"A0A1S3KY44",0.0101685633284012
"A0A1S3T4V1",-0.0101671393515182
"B9EM78",0.0101654141890141
"A0A1S3QBW7",-0.0101648076738906
"A0A1S3RTD8",-0.0101638838381472
"A0A1S3PES7",0.0101615788927459
"A0A1S3QEV8",-0.0101612897917153
"A0A1S3T0A9",-0.0101612876912563
"A0A1S3MFE2",-0.0101580714547542
"A0A1S3SSX7",-0.0101578760805093
"B5XB64",-0.0101541863320324
"A0A1S3NXQ3",-0.0101534822117583
"A0A1S3LYG6",0.0101531671455104
"A0A1S3MIF8",-0.0101526184966314
"A0A1S3SAS8",-0.0101453499350546
"A0A1S3LLS6",-0.0101431847702949
"A0A1S3QAP0",-0.01014291444976
"B5X426",-0.010141521517242
"A0A1S3QLV6",-0.0101392273815451
"A0A1S3P153",0.0101335093308259
"C0H8B1",-0.0101316303485379
"A0A1S3LGG5",-0.0101285799884586
"A0A1S3RE36",-0.0101278055033418
"B5DFU2",-0.0101257780565309
"A0A1S3R4I9",-0.0101255863586048
"A0A1S3RDB8",-0.0101243889201375
"B5XEQ1",-0.0101223307561134
"A0A1S3R5U0",-0.010120396909486
"A0A1S3SDA6",-0.0101201389755464
"A0A1S3M6Y0",-0.0101190245601627
"A0A1S3MVT8",-0.0101157118964926
"A0A1S3NRK4",-0.0101122809369023
"A0A1S3NRC6",-0.0101106466239087
"A0A1S3L739",-0.0101096209370949
"A0A1S3MH62",-0.0101095529586894
"A0A1S3SQN1",-0.0101080347289299
"A0A1S3QRZ4",-0.0101051280102837
"A0A1S3P642",-0.0101035089417129
"B5X1C6",-0.0101031648011246
"A0A1S3RK38",-0.0101028461415741
"A0A1S3NM65",-0.0101015576095663
"B5XET4",-0.0100983034806828
"B5XA57",0.0100914029941255
"B5XEC5",-0.0100874910647874
"B9ENI7",0.0100842923099517
"A0A1S3P7E5",-0.0100756716804915
"A0A1S3P4Q9",0.0100658033409518
"A0A1S3S8M7",-0.0100648953547963
"A0A1S3L368",-0.0100648406838813
"B5X8P4",-0.010064184121092
"B5XE83",-0.0100594333586659
"A0A1S3N2L5",-0.0100586868839239
"A0A1S3MV83",0.0100568504692669
"A0A1S3RWJ3",-0.0100563437916223
"A0A1S3SUI1",-0.0100560605474788
"A0A1S3SKL5",0.0100554977910022
"A0A1S3MN71",-0.0100542296747347
"B5X9E6",-0.0100496124434675
"A0A1S3Q684",-0.010048967249414
"B5X1D0",-0.0100415175079159
"A0A1S3PGX3",-0.0100397875574641
"A0A1S3R8S4",-0.0100344236537608
"A0A1S3MVG7",-0.0100339222086722
"A0A1S3NXJ0",-0.0100327797308827
"A0A1S3NJW4",0.0100303440641313
"A0A1S3LYT1",-0.0100296838781903
"B5XCA4",-0.0100282998558783
"A0A1S3L821",-0.0100269756077404
"A0A1S3LNJ9",0.0100263287292926
"A0A1S3PIZ5",-0.010025480494945
"A0A1S3SHV8",0.010024400540856
"B5X376",-0.0100229717046423
"A0A1S3QZF2",-0.0100213108539578
"A0A1S3P556",-0.0100190071234872
"A0A1S3QGA9",-0.0100188913115982
"A0A1S3NWQ0",0.0100159403499794
"A0A1S3SD89",-0.0100159001533929
"B5X886",0.0100129485019003
"A0A1S3NT94",-0.0100128541306504
"A0A1S3N3K4",-0.0100120530136913
"A0A1S3RPQ1",-0.0100114736121388
"A0A1S3SHS8",-0.010004329173068
"A0A1S3LU04",-0.0100010421859598
"A0A1S3QBK6",-0.0100000604186272
"A0A1S3T3E7",-0.0099980101111325
"B5X995",-0.00999564316947305
"A0A1S3LNU1",0.0099905828642561
"A0A1S3P6R5",-0.00999027706889742
"A0A1S3LEL7",-0.00998908882989847
"B5XGB0",-0.00998382524695022
"A0A1S3NUT4",0.00998333099513964
"A0A1S3MJG6",-0.00998089675139157
"B5X1B2",-0.00997711377845336
"A0A1S3MZR7",-0.00997612482079576
"B5X3C9",-0.00997101653282719
"A0A1S3RWA8",-0.00996902495668487
"A0A1S3SF56",-0.00996812787481205
"A0A1S3NVV8",-0.00996357427301702
"A0A1S3R2C4",-0.00995956758036038
"A0A1S3MUJ7",-0.00995923901036519
"A0A1S3QFS6",0.0099580851047755
"A0A1S3LDF9",-0.00995799943477762
"A0A1S3MH49",-0.00995178563826534
"B5X4L4",-0.00995138179190973
"B5X2S2",0.00994984269861252
"A0A1S3N6B2",0.00994885495458342
"A0A1S3S1W4",-0.00994597760971547
"A0A1S3N3G1",-0.00994433474525266
"Q8QHK5",0.00994214472380803
"A0A1S3NXU1",-0.00993982214773081
"C0H8F0",-0.00993934084294131
"A0A1S3SWP3",-0.00993920069872501
"B5X4G2",0.0099390024905504
"A0A1S3R2Q4",0.00993716163228142
"B5XB96",-0.0099338829396668
"A0A1S3M890",-0.00993336871501288
"A0A1S3MK47",-0.00993056804729016
"A0A1S3NXD6",-0.00992658711579543
"A0A1S3QFX2",-0.00992445651071981
"A0A1S3QHQ4",0.00992400592158888
"A0A1S3QKF4",-0.00992066814255798
"A0A1S3PLM7",-0.00991467672489438
"A0A1S3T350",-0.00991462816545999
"A0A1S3KYZ5",0.00991416455166861
"A0A1S3P981",0.00991320417731271
"A0A1S3S169",-0.0099015144852556
"A0A1S3P8H4",-0.00990121752000872
"A0A1S3MHK7",0.00989796762095733
"B9ELE1",0.00989669804674376
"A0A1S3PGI0",-0.00989616977538716
"A0A1S3QDD5",-0.00989333786257788
"A0A1S3QT96",-0.00989114614843762
"A0A1S3N0W2",-0.00988655894746366
"A0A1S3LRE4",0.00988356378686783
"B5X418",-0.00987977537773322
"B5XG15",0.00987765521733554
"C0H9D2",-0.00987746819483634
"A0A1S3LFF7",0.00987668364098234
"A0A1S3R8X9",-0.00987491353099943
"A0A1S3L2T6",-0.00987377187228939
"A0A1S3M2F2",0.00987224244769337
"A0A1S3PDS6",-0.00987058115185672
"A0A1S3RDN8",-0.00986869674249642
"A0A1S3NTM9",-0.00986793554824523
"B5XDS7",-0.00986521509377186
"B5XAH2",0.0098645877954767
"A0A1S3MAT4",0.00986439459623941
"A0A1S3KUX9",0.00986365740752364
"A0A1S3PDF9",-0.00985811144554634
"A0A1S3MN30",-0.00985658309879442
"B5XAP5",0.00985571953355564
"A0A1S3RN10",-0.00985542573522544
"A0A1S3Q9A9",-0.0098544596872649
"A0A1S3KYB7",0.00985091908984859
"A0A1S3KP81",-0.00984907562213602
"A0A1S3L6Y8",-0.00984806662150092
"A0A1S3QML0",-0.00984678739271439
"A0A1S3MHV8",-0.00984569189555377
"A0A1S3QV60",-0.0098411536175088
"A0A1S3RYA6",-0.00983599556139389
"A0A1S3LKC0",-0.00983558726112014
"A0A1S3SDV2",-0.00983540270239773
"C0HA07",-0.00983294796611179
"A0A1S3Q2T2",-0.00983121315448495
"A0A1S3RMT8",0.00982967742524571
"A0A1S3Q3X1",-0.00982953124412266
"B5XDY6",-0.00982907961874591
"A0A1S3MZP6",-0.00982714769834219
"A0A1S3N7V3",-0.0098230025073213
"A0A1S3PLD3",-0.00982234101093641
"A0A1S3QQA0",0.00982231357908797
"B5X7S6",0.00981885118738642
"C0HAB5",0.00981835011622601
"A0A1S3N3J9",0.00981717378817529
"A0A1S3L4V4",-0.00981573376720013
"A0A1S3N254",-0.00981056122128352
"A0A1S3MX71",-0.00981011129153602
"A0A1S3S6B6",-0.00980861707886025
"A0A1S3LXP8",0.00980655857508334
"A0A1S3NXH2",0.00980318709566449
"B5X7D6",-0.00980183013211034
"A0A1S3LD77",-0.00980092424546612
"B5X1K2",-0.00979662426857068
"A0A1S3LZB4",-0.00979462817970849
"A0A1S3REP7",-0.00979311294834641
"A0A1S3M2V8",-0.00978529833552617
"B5X3D4",-0.00978510790818777
"A0A1S3P4R1",-0.009784808681092
"A0A1S3M4Y0",-0.00978354110551532
"A0A1S3M305",-0.00977853397863062
"A0A1S3SQ78",-0.00977394272724573
"A0A1S3S1N0",-0.00977384812276066
"A0A1S3PNT8",-0.00977216421427419
"A0A1S3L4X5",0.0097661456190433
"Q0ZHH3",-0.00976529308821093
"A0A1S3Q0F3",-0.00976266499968746
"B5X127",0.00976113096341489
"A0A1S3LPW6",0.00976074175829125
"A0A1S3LZD2",-0.00975614967521943
"A0A1S3NY71",-0.00975500656517997
"A0A1S3QWE3",-0.009753726068071
"A0A1S3S0U6",-0.0097532600575212
"B5XGF2",-0.00975313763359857
"A0A1S3RD73",-0.00975297124024694
"B5X5X1",-0.00974966791446739
"A0A1S3RHD9",-0.00974380910623194
"A0A1S3STH6",-0.00974324499329805
"A0A1S3RWT4",-0.00974239996412258
"A0A1S3R7T1",-0.00973997047634641
"A0A1S3LSH9",-0.00972824025563137
"A0A1S3MKG2",-0.00972623787600767
"A0A1S3P1I2",-0.00972573484930334
"A0A1S3LL15",-0.00972454244792482
"A0A1S3L8A9",-0.00972270193264163
"C0H715",0.00972221750451001
"A0A1S3SIF5",-0.00971636527659899
"B5X8I7",-0.00971544237478891
"A0A1S3R0I9",-0.00971426652131999
"A0A1S3KJN7",-0.00971138009138614
"A0A1S3LTC5",-0.00970886847326805
"A0A1S3Q719",0.00970778513390399
"B5X4N7",-0.00970556725603764
"A0A1S3PSX4",-0.00970474732692282
"A0A1S3SCI8",0.00970086977256418
"B5XA56",0.00970068961585585
"B5X374",-0.00969888532200071
"A0A1S3MHQ8",0.0096958665027013
"A0A1S3P2G6",-0.00969431642157054
"B5X5V8",-0.00969401279372418
"A0A1S3Q5N0",0.00968843814261835
"B9ENR4",0.00968714104200582
"B5X9Z9",0.00968250936203347
"A0A1S3LG77",0.00967951382664112
"A0A1S3LKJ9",0.00967311900546944
"B5XDE8",-0.00967256443855054
"A0A1S3NZ15",-0.00967000219427508
"A0A1S3KZP1",-0.0096695194479033
"B5XEQ2",-0.00966765231173288
"A0A1S3SY28",0.0096672971440585
"A0A1S3LTT0",-0.00966088976683264
"A0A1S3NFV6",-0.00965925542338775
"A0A1S3NVM0",0.00965802730240465
"A0A1S3P331",-0.0096557619488762
"A0A1S3M6F8",-0.00965472622705133
"B5DGQ3",-0.00965374096554152
"A0A1S3QM54",0.00965105149390128
"A0A1S3S292",-0.00965068940535177
"A0A1S3PX07",0.00965037013829492
"B5XAE0",0.00964541917234475
"B5X6F9",-0.00964337211397022
"A0A1S3QG35",-0.00964044896361426
"A0A1S3L0K0",-0.00963401388483184
"B5XDQ7",-0.00963311256474328
"A0A1S3KK07",0.00962938090896325
"A0A1S3PQH8",-0.00962557018851887
"A0A1S3MHE8",0.00962364128112301
"A0A1S3PZC7",-0.00961869872869912
"A0A1S3P2D4",-0.00961834076819534
"A0A1S3NYI0",-0.00961822393358391
"A0A1S3KWY0",-0.00961791716715464
"B5X4U0",-0.00961511938149065
"A0A1S3SJE1",-0.00961278665993467
"A0A1S3NSZ1",-0.00960646122658926
"A0A1S3RFQ6",-0.00960641041978966
"A0A1S3N8P5",0.00960623147177916
"A0A1S3LYP5",0.00960590308426879
"A0A1S3MY66",-0.00960104664264222
"A0A1S3Q4R3",0.00959782742646871
"A0A1S3NA51",0.00959706144046197
"A0A1S3PVF0",-0.00959554372874721
"A0A1S3SWI2",-0.0095945577413742
"A0A1S3NQD2",-0.00959401483870759
"B5XB38",0.0095934576897135
"A0A1S3LBK2",-0.009591672092395
"A0A1S3RK35",-0.00958968384388292
"A0A1S3SJA0",-0.00958764923280579
"A0A1S3MRQ2",-0.00958652695465084
"A0A1S3MYF0",-0.00958609454095743
"A0A1S3SN50",-0.0095814779981082
"A0A1S3PT31",-0.0095814711795721
"A0A1S3QYY6",-0.00957832979959693
"A0A1S3N3J1",-0.00957759766067547
"A0A1S3PVW2",-0.00957191181211289
"A0A1S3MDF6",-0.0095716582400876
"A0A1S3KPA6",-0.0095712445014999
"A0A1S3P6P2",-0.0095691630977579
"C0H8E0",-0.00956910338070242
"A0A1S3P0N3",0.0095674883183263
"A0A1S3MMS3",-0.00956477693907025
"C0H988",-0.00956369703450654
"A0A1S3STD7",0.00956129946570461
"A0A1S3Q219",-0.00955798970472431
"A0A1S3NIB0",0.00955772433545028
"A0A1S3MZX9",-0.00955764041451765
"A0A1S3S0I2",-0.00955741637787127
"A0A1S3NZ23",-0.00954630523232744
"B9ELH0",-0.00954509022309212
"A0A1S3NF63",-0.00954478840799326
"B9EP59",0.00954438023542511
"B5X4E0",0.00953900086412035
"B5X319",-0.00953795782989958
"A0A1S3Q0U7",-0.00953247333063782
"C0H9A0",0.00953232542385267
"A0A1S3Q9K6",-0.00953161863724784
"A0A1S3MCR8",-0.00953116362579611
"B9EN25",0.00953058047631776
"A0A1S3Q7I9",-0.00952300652440372
"A0A1S3PDP1",-0.00952160235164241
"B5X1R8",-0.00952006916778127
"A0A1S3QMT6",-0.00951921464000016
"A0A1S3QXM6",0.00951898285638805
"A0A1S3LAT3",-0.00951815292253481
"A0A1S3PPV8",-0.00951687406007777
"A0A1S3SMR0",-0.00951589233338746
"A0A1S3RXK8",-0.00951569763982777
"A0A1S3LFV3",0.00951510370142949
"A0A1S3PZT9",-0.00951245050592438
"A0A1S3NVB6",-0.00951229307131727
"A0A1S3P545",-0.00951102256317658
"B5DFV2",-0.00951088209451926
"A0A1S3SN11",-0.00950961275888338
"A0A1S3KZ57",-0.00950890658863361
"A0A1S3PW66",0.00950861438977362
"B5X8M7",-0.00949882845314875
"A0A1S3M6X1",-0.00949812040253871
"B5XGG6",-0.00949602388967723
"A0A1S3RPR6",-0.00949237356722553
"A0A1S3PE61",-0.00949166190019404
"A0A1S3QK15",-0.00949150318068035
"A0A1S3PX04",0.00949131195625873
"A0A1S3T3C0",0.0094905423471026
"B5X9S3",0.00948995394526689
"A0A1S3RSU6",-0.00948949928366947
"A0A1S3KUR2",-0.00948586381465263
"B5X3P3",0.00948505525667204
"A0A1S3T661",0.00948375078311355
"A0A1S3LRG8",-0.00948324721474747
"Q9DDK6",0.00948270228318855
"A0A1S3PDA9",-0.00948017441565544
"A0A1S3M3B7",0.00947591112362002
"B9ENU0",-0.00947507947954469
"A0A1S3QRK2",-0.00947307489177294
"A0A1S3P987",-0.0094730596059493
"A0A1S3KMX6",-0.00946851417250742
"A0A1S3R7J0",-0.00946600130417298
"A0A1S3QYA2",0.00945889003939322
"A0A1S3SJY7",0.00945591768579066
"A0A1S3LRZ2",-0.00945480626492036
"A0A1S3M1X4",-0.00945419014162609
"A0A1S3RVD9",-0.00945240521702536
"A0A1S3LWF5",-0.00945178946218056
"A0A1S3S196",-0.00944794566662222
"A0A1S3RYY8",-0.00944476356186563
"A0A1S3NV26",0.00944365200045963
"A0A1S3R8W6",-0.00944269526734745
"A0A1S3KLI2",0.0094422401163438
"A0A1S3Q997",-0.00943809297206783
"A0A1S3L5W4",0.00943653939804344
"A0A1S3N8K8",-0.00943540722316846
"A0A1S3MGT7",-0.00943449798752244
"A0A1S3R3S3",-0.00943377843735497
"A0A1S3S8X0",0.0094329083891426
"C0HAM3",-0.00943242115599077
"A0A1S3MYV1",-0.00943239035468511
"A0A1S3RRH9",-0.00943084939310983
"A0A1S3M430",-0.00942822924775907
"A0A1S3MFU5",-0.0094267035634325
"A0A1S3MEG6",-0.00942652039969023
"A0A1S3KQL1",-0.00942571060228304
"A0A1S3KJC2",0.00941852910682445
"A0A1S3MF19",-0.00941794237948704
"A0A1S3SY17",0.00941772539968325
"A0A1S3M7H2",-0.00941542405363021
"A0A1S3KY98",-0.00941223498489016
"A0A1S3KJX9",-0.00941184336466316
"A0A1S3RGP0",-0.0094105185544188
"A0A1S3N5S6",-0.00940659284070561
"A0A1S3MJL5",-0.00940093328274657
"A0A1S3SDU8",-0.00939575935286134
"B9ENG0",-0.00939358755544165
"A0A1S3M009",-0.00939322179072281
"A0A1S3KNS7",-0.00939086200847985
"A0A1S3MIE0",-0.00938977940984876
"A0A1S3MFN4",-0.00938928400360424
"A0A1S3LKW1",0.0093852006389718
"A0A1S3PA46",-0.00938405056983231
"A0A1S3SIV9",-0.00938280071218298
"B5XBS7",-0.00938096057118693
"A0A1S3PJ79",0.00937932287200885
"A0A1S3Q876",0.00937617399520825
"A0A1S3MLP1",-0.00937559061811981
"A0A1S3LTZ1",0.00936847432060972
"A0A1S3RI90",-0.00936792643704303
"B5X939",0.00936519631254302
"A0A1S3MV37",-0.00936200944202157
"A0A1S3LRH7",-0.00936171161294613
"A0A1S3QRT6",-0.00935989081442779
"A0A1S3NS43",-0.00935341349397109
"A0A1S3M5N3",-0.0093525739209665
"A0A1S3SZI5",0.00934528085150913
"A0A1S3NTL4",-0.00934440003147154
"A0A1S3MSP1",-0.00934144549190622
"A0A1S3NMG3",-0.00934024334864443
"A0A1S3LZY9",-0.0093400478656114
"A0A1S3KZ32",-0.00933715883089819
"A0A1S3LC11",-0.00933328431801077
"A0A1S3PHM5",0.00933120607309364
"A0A1S3PW10",0.00932670485569441
"A0A1S3PBL0",-0.00932566355659176
"A0A1S3NF76",0.00932282462832014
"A0A1S3REY9",0.00932152556707852
"A0A1S3Q512",-0.00932152116176306
"A0A1S3MPI2",-0.0093187248553962
"A0A1S3L6X2",-0.00931794114558868
"A0A1S3NDU7",-0.00931579964451648
"C0HAI2",-0.00931515454610876
"Q98990",-0.00931482585129354
"B5XCA0",-0.00931411795034899
"B5XAQ1",-0.0093094907506752
"A0A1S3L5U2",-0.00930929447840564
"A0A1S3KW45",0.00930575338136737
"A0A1S3Q617",-0.00930252595148018
"B5XAJ7",-0.00929855988284682
"C0HBD1",-0.00929821897450823
"A0A1S3RB15",-0.00929709705792446
"A0A1S3PS02",-0.00929696153742131
"A0A1S3R294",0.00929527684909922
"A0A1S3RIC7",-0.00929372541600915
"A0A1S3P3Y3",-0.00929369455876678
"A0A1S3MXG6",-0.00929163511430722
"A0A1S3R3D2",-0.00929106163472979
"B5X212",-0.00929022728608361
"A0A1S3KNW1",0.00928737972986595
"A0A1S3T0A7",-0.00928134475484856
"A0A1S3PWD8",0.00928043486724827
"A0A1S3S040",-0.00927815171926685
"A0A1S3SUZ8",-0.00927805430676905
"A0A1S3QHU0",-0.00927719616130718
"A0A1S3NQ61",-0.00927456229765496
"A0A1S3T2R1",-0.00926951063527135
"A0A1S3Q8V4",-0.00926807502058474
"A0A1S3P737",-0.00926798078244042
"A0A1S3KQW2",-0.00926745165193051
"A0A1S3SYY3",0.00926468464155943
"A0A1S3PMZ7",0.00926424854184376
"A0A1S3PDM8",-0.00926336137038347
"A0A1S3KL30",-0.00925760107669961
"A0A1S3MBH6",-0.00925385732720633
"A0A1S3L394",0.00925341225862218
"B5XEA1",-0.0092426873363298
"A0A1S3RPW8",0.00924173080292257
"A0A1S3RBX7",-0.00923966160429245
"A0A1S3QD91",0.00923612484750031
"A0A1S3NW90",-0.00923271975305708
"A0A1S3M3A1",-0.00922985417221121
"A0A1S3Q0K4",0.00922961188142788
"B5X2D1",0.00922857101980465
"B9EMM1",-0.00922679994539056
"A0A1S3RPY1",-0.00922658752229073
"A0A1S3MEQ8",0.00922475715247862
"A0A1S3MMP4",-0.00922368869391743
"A0A1S3S5K4",-0.00922337315616218
"B5X1N4",-0.0092200331834148
"A0A1S3QB93",0.00921858824317358
"A0A1S3MNZ4",-0.00921761103293255
"B5X7H1",-0.009216447895668
"A0A1S3KSD0",-0.00921541337441974
"B5XAD8",-0.00921196340846014
"B5XBA5",0.00920872786152934
"A0A1S3SFB7",-0.0092072428921651
"A0A1S3MDF4",-0.00920559992309808
"B5XAX4",-0.00920352382913989
"A0A1S3LHY7",0.00920333446985062
"A0A1S3L7D4",-0.00919758117481604
"A0A1S3MAX9",-0.00919582958955115
"C0HBR4",0.00919543455512418
"A0A1S3PST3",0.00919400484602297
"A0A1S3PP66",0.00919351483799828
"B5XCJ3",-0.00919214970885201
"A0A1S3KK94",-0.00919209063732379
"B9EQ64",-0.00918561001920529
"C0HA42",-0.0091811639204088
"A0A1S3NS62",-0.00917964573958859
"A0A1S3KW72",0.00917836853271425
"A0A1S3NRD5",-0.0091781803106862
"A0A1S3MZQ7",-0.00917813930968013
"A0A1S3SN62",-0.00917680357157776
"B9EL51",-0.00917422160241221
"A0A1S3NSL7",-0.00916793443145985
"P79908",-0.0091666433230089
"A0A1S3NGM2",-0.00916285352400263
"A0A1S3Q0Q8",-0.00915369594249559
"B5X3L8",-0.00915062352290931
"A0A1S3RTD7",-0.0091498065402289
"A0A1S3R7N3",-0.00914003380761177
"A0A1S3PX24",-0.00913643361464802
"A0A1S3SDQ7",-0.00913364786022598
"A0A1S3SFK7",-0.0091325655648332
"A0A1S3PD05",-0.0091314103016491
"A0A1S3QF01",-0.00912834181376002
"A0A1S3NAJ6",-0.00912827613582615
"A0A1S3NWP2",-0.00912692683202435
"A0A1S3RJ69",-0.00912535155369297
"A0A1S3NII7",-0.00911850388131318
"A0A1S3RU95",-0.00911658961487484
"B5XC48",-0.00911109972235359
"A0A1S3MM00",-0.00911036714930147
"A0A1S3LSD3",-0.00910831880480935
"A0A1S3LTE0",-0.00910822800719935
"A0A1S3P8M0",-0.00910719198885976
"A0A1S3QNZ8",0.00910710057793582
"A0A1S3SAJ5",-0.00909838521731663
"A0A1S3LGD0",0.00909622245344212
"A0A1S3LHN5",-0.00909167397118119
"A0A1S3S7N1",-0.00908993773882965
"A0A1S3LQZ0",0.00908975664706882
"C0HAA8",0.00908897281313601
"A0A1S3PHY9",-0.00908856986156895
"B9ENA3",-0.00908815971381595
"A0A1S3M0U0",0.0090880946037803
"A0A1S3N8I3",-0.00908760776200213
"A0A1S3N420",-0.00908391214000213
"B9EPF6",-0.00908350143305128
"B5X9H1",-0.00908189788873317
"A0A1S3NLE4",-0.00907964828265216
"B9EQ03",-0.00907764324495726
"A0A1S3SIM9",-0.00907681008688488
"A0A1S3M9P5",0.00907285174781693
"A0A1S3KX53",0.0090604075953955
"A0A1S3T4J9",-0.00905994492112813
"A0A1S3RBJ6",0.00905453004980724
"A0A1S3L040",-0.00905062796765897
"A0A1S3RXU7",0.00904722925187327
"B5X3W8",-0.00904405841244887
"A0A1S3N8G4",-0.00904096148271983
"A0A1S3RBG3",-0.0090387880658042
"A0A1S3PT98",-0.00903497201206211
"A0A1S3PIH5",-0.00903112722409844
"A0A1S3MHZ6",-0.00903034290763135
"A0A1S3S295",-0.00902941440449521
"A0A1S3QB34",0.00902859994244873
"A0A1S3PVG9",-0.00902793283520774
"A0A1S3QCK9",-0.00902502922382989
"A0A1S3S6X8",-0.00902474565892761
"B5X8C8",-0.00902465820014934
"A0A1S3NWT1",-0.0090219374247277
"A0A1S3NPQ8",0.00902144178650949
"A0A1S3PAL0",0.00901901319844585
"A0A1S3MTJ6",0.00901610570548765
"A0A1S3P8M4",0.00901061281123541
"A0A1S3P2D9",0.00900926776885387
"A0A1S3KPM0",0.00900782793403482
"A0A1S3SCH0",-0.0090005786228096
"A0A1S3NAD5",-0.00900005942375806
"A0A1S3LCW7",-0.00899969445871152
"A0A1S3LX28",-0.00899905515290128
"A0A1S3N874",-0.00899824182042483
"A0A1S3L3V6",-0.00899529384357853
"B5X6I1",-0.00899156910181997
"B5XCQ3",-0.00898945689244711
"A0A1S3QH10",-0.00898656248884416
"A0A1S3PCK0",0.00898435279375275
"A0A1S3P6V1",-0.00896972516650611
"A0A1S3RQI1",0.00896680106161115
"A0A1S3QLZ6",-0.00896649135421494
"A0A1S3S0T6",-0.00896620281730148
"A0A1S3LXW4",-0.00895740865269866
"A0A1S3LCR0",-0.00895442180232503
"A0A1S3M974",-0.00895372528799336
"B5XCN2",-0.00895278676121446
"B5X8V5",0.00894617373145564
"A0A1S3N0X4",-0.00894287256067853
"A0A1S3R0M0",-0.00894274484172883
"A0A1S3RC73",-0.00894171533902144
"A0A1S3P0E0",-0.00894106455295757
"A0A1S3N816",0.0089404295083488
"Q15843",0.00894042357300367
"A0A1S3MFA6",0.00893891521962045
"A0A1S3NQL1",-0.00892940794527737
"A0A1S3PBV1",-0.00892844944056071
"Q68S96",0.00892370802609425
"A0A1S3M588",-0.00892351674675638
"A0A1S3MMM2",-0.00891319915053026
"A0A1S3N668",0.0089131928095928
"B5DG99",0.00891166199418647
"A0A1S3MKT9",-0.00891159558227688
"A0A1S3QG77",-0.00890991677863009
"A0A1S3PZS4",-0.00890881364483136
"A0A1S3SXL5",-0.00890570481312059
"A0A1S3KS48",0.00890308376562829
"B5XCW3",-0.00890092781968179
"B5X913",-0.00889893584524793
"A0A1S3S7I7",0.00889813818772409
"A0A1S3QAE4",0.00888971537840532
"A0A1S3NS46",-0.00888804951778117
"B5X7K1",0.00888726443694337
"A0A1S3M215",-0.00888447087503669
"B5X9D6",-0.00888432681113119
"A0A1S3KZR5",-0.00887735549729122
"A0A1S3SKJ5",-0.0088748233406022
"A0A1S3QL04",-0.00887247048622051
"B5X469",-0.00887187549924373
"A0A1S3N8Q0",-0.00887151099248927
"A0A1S3LB33",-0.00886929139728284
"A0A1S3NRT4",-0.00886564337622417
"A0A1S3SPL9",-0.00886349139345143
"A0A1S3NA32",-0.00886338889279071
"A0A1S3L7G2",-0.0088627338867728
"A0A1S3RZG5",-0.00886135321214131
"A0A1S3R0K0",-0.0088568787731814
"A0A1S3KMG3",-0.00885639423362142
"A0A1S3NG72",-0.00885161789379245
"A0A1S3PCH2",0.00884997358038586
"A0A1S3PPD4",-0.00884566408592404
"A0A1S3L648",-0.00884524797487203
"B5X877",-0.00884416635635339
"A0A1S3L7Y3",0.00884185945683751
"A0A1S3PAS6",-0.00883806992156179
"A0A1S3MC45",-0.00883360805365142
"A0A1S3SGP8",-0.0088308022816337
"A0A1S3S397",-0.00882511276409912
"A0A1S3L194",0.00882035011087847
"A0A1S3PV56",-0.00881939432666205
"B5XDY7",-0.00881523448311576
"A0A1S3PN79",-0.00881458835999754
"A0A1S3QHF9",0.0088123115175949
"A0A1S3PRG9",-0.00880799429568863
"A0A1S3P163",-0.00880626928400583
"B5X4B2",-0.00880426100465566
"A0A1S3NYF5",-0.00880396126989192
"A0A1S3QG78",0.00880367101980755
"B5XB74",-0.00880049552946857
"B5X4C9",-0.00879822078612381
"A0A1S3SIQ5",-0.00879293724686132
"A0A1S3LVM1",0.00878867631038385
"A0A1S3LS69",-0.00878853789328061
"A0A1S3L4P5",-0.00878845039200627
"A0A1S3RQW1",-0.00878297280310311
"B5X2B6",0.00877847846919363
"A0A1S3R2A4",0.00877837688266656
"B5X997",-0.00877640033679822
"A0A1S3KXK5",0.00877627570134906
"A0A1S3RRM9",-0.00877514042066019
"A0A1S3PF42",-0.00877015136151141
"C0HAR4",-0.00876413935163365
"A0A1S3KSB3",0.00875835021944766
"A0A1S3PTP3",-0.00875740537961601
"A0A1S3Q2C8",-0.00875508742260908
"A0A1S3N2N7",-0.00875282259363517
"A0A1S3M6T4",0.00875240757767617
"B5X7X7",0.00874899485634682
"A0A1S3QDL6",-0.00874469128001751
"A0A1S3QDW5",-0.0087435473399556
"A0A1S3PZZ5",-0.00873968647289982
"A0A1S3QTT5",-0.00873930206821267
"Q9DDK2",-0.00873611768921055
"A0A1S3P6M6",-0.00873410488078157
"A0A1S3RLN0",0.00873399436694143
"A0A1S3RQL4",-0.00872593646658443
"A0A1S3MM07",0.00872439753886761
"A0A1S3Q8Y1",-0.0087151303576794
"B5XEP8",0.00870538752013025
"B5DGJ8",-0.00870497501281917
"A0A1S3PK44",-0.00870495379442057
"A0A1S3L632",-0.00870089063745551
"A0A1S3SXH6",-0.00869910643324848
"A0A1S3T2H8",0.00869045185945322
"A0A1S3P170",0.00868344598867302
"A0A1S3R6U5",-0.00867926184446484
"A0A1S3PHD4",-0.00867764438009509
"A0A1S3LW34",-0.00867363368166849
"A0A1S3PK05",-0.00867252919893623
"A0A1S3M2X8",-0.00866838435441365
"A0A1S3M6M0",-0.00866125676478404
"A0A1S3R8C1",-0.00866026149965893
"C0H9G7",-0.00865276006105001
"A0A1S3M681",-0.00865101667161049
"A0A1S3LJE5",-0.00864984368153469
"A0A1S3NNH0",-0.00864857242547422
"A0A1S3LGS1",-0.00864795350279608
"B5XCA8",-0.00864472443628488
"A0A1S3QIW8",-0.00864464868636537
"A0A1S3MR87",-0.00863763679741086
"A0A1S3N7J2",0.00863605340906143
"A0A1S3NUM0",-0.00863272130701632
"B5X377",-0.00863250046650455
"A0A1S3PEA4",-0.00862913622664391
"B5X7E0",-0.00862850311152635
"A0A1S3SQ75",-0.00862761686240089
"A0A1S3PIK0",-0.00862260754079702
"A0A1S3M7V4",-0.00862213639724262
"A0A1S3SRJ2",-0.00862148898757349
"A0A1S3MU79",-0.0086213853794686
"B5X8L7",0.00861945500826572
"A0A1S3QIP9",-0.00861869998569279
"A0A1S3QML7",0.00861857574645188
"A0A1S3NK94",-0.00861758399890323
"A0A1S3MJN4",-0.00861430529811059
"B5X860",-0.00860740010651094
"A0A1S3KNQ3",0.00860041709841106
"A0A1S3T5K0",-0.00859833844462408
"A0A1S3NCH0",0.00859653744841058
"A0A1S3MAJ2",0.00859374448915792
"B5XG88",0.00859323707591944
"A0A1S3T104",-0.00859249605449071
"B5DG66",-0.00859140098257735
"B5DGE7",0.00859089921614561
"A0A1S3LHX7",-0.00858872670210336
"A0A1S3PHZ8",-0.00858811195475679
"A0A1S3NNG4",-0.00858131116708188
"A0A1S3NDH7",-0.00857479764421714
"A0A1S3R574",0.00857334483247059
"A0A1S3L0D7",0.00857245560917497
"C0HAW9",0.00857206426960042
"A0A1S3L7S7",-0.00857020047887726
"A0A1S3LWJ9",-0.00856818526614689
"A0A1S3PYD6",-0.00855066415244652
"C0HBN6",0.00854997251701031
"A0A1S3M2M9",-0.00854532742712641
"A0A1S3P555",0.00854386897895533
"A0A1S3MY51",-0.00854265417148079
"B5X4X4",-0.00853975635980636
"A0A1S3RGH0",0.00853881684853108
"A0A1S3NSE2",-0.00852706498987656
"A0A1S3RB64",-0.00852687774866762
"A0A1S3MWM4",0.00852600222373011
"A0A1S3Q308",0.00852304240851661
"A0A1S3M194",-0.00852176523781418
"A0A1S3RST2",-0.00852036216530639
"A0A1S3Q660",-0.0085189536100116
"A0A1S3PSN9",-0.0085106120061712
"A0A1S3PE99",-0.0085102198431532
"B5DGW9",0.00850462858538781
"A0A1S3SUB4",-0.0085035618455498
"A0A1S3R6L5",-0.00850187643314604
"A0A1S3Q6V4",0.00850141998381578
"B5XFU2",-0.00850138837446767
"A0A1S3R7B6",0.00850111472605959
"A0A1S3PDQ4",0.00850044887215117
"A0A1S3PEQ0",-0.00849446953603911
"A0A1S3SYL6",-0.00849396333759835
"A0A1S3KLW1",-0.00849301453255784
"A0A1S3QNA2",-0.00848948527892916
"B5XGN9",0.00848411528147834
"B5XFB0",-0.0084793327625392
"B9EMV4",-0.00847374747013583
"B5X6J4",-0.00847300548759815
"A0A1S3S2B7",-0.00847170628185614
"A0A1S3Q252",-0.00847169468002162
"A0A1S3PW32",-0.00847065401855013
"A0A1S3SJH0",-0.00847002444125644
"A0A1S3P767",0.00846620123741531
"A0A1S3STK2",-0.00846562850431008
"B5X9P2",-0.00846480063598135
"A0A1S3PZP5",0.00846351527348774
"A0A1S3LH30",-0.00845941199316354
"A0A1S3Q6F2",0.00845738666091224
"A0A1S3R6C9",-0.00845212428067122
"A0A1S3NNN0",0.00845080932184701
"A0A1S3KR32",-0.00845060137880015
"B5DG92",-0.00844116499875268
"B5X243",-0.00843472197649866
"A0A1S3RPQ0",-0.00843187873740837
"A0A1S3PIW3",-0.00843173942402312
"A0A1S3M4X3",-0.00842763575644799
"A0A1S3LTE4",-0.00842643831660055
"A0A1S3MUH0",-0.00842003328232849
"A0A1S3LP02",-0.00841435606673491
"A0A1S3T4H3",-0.00840777025878808
"A0A1S3S757",-0.00839805182900354
"A0A1S3PEJ9",-0.00839575240263176
"B5DGA2",-0.00839387445273663
"B5X0R5",-0.00839335224256903
"A0A1S3SCV0",0.00838770619281711
"A0A1S3KN99",-0.0083867922815497
"A0A1S3SPC9",-0.0083826983904524
"C0HA71",-0.00838072156850043
"A0A1S3LMD3",0.00837607641353145
"A0A1S3LAG4",-0.00837492416699622
"B5XBB1",0.00837360549656381
"B5DG58",-0.00837286518252026
"A0A1S3M4Q6",0.0083712691328665
"A0A1S3NGD1",-0.00837117429522791
"A0A1S3S596",-0.00837035018431575
"A0A1S3LP42",-0.00836816191610585
"B5X5K6",-0.00836710731078521
"A0A1S3T4G1",0.00836366185736338
"A0A1S3N0W7",0.0083613867808615
"A0A1S3RGT3",-0.00835895580157665
"A0A1S3MWE8",0.0083577599410879
"A0A1S3Q4A0",-0.00835037842814964
"B5X7F2",-0.0083497906836763
"A0A1S3LD15",-0.00834899722640702
"A0A1S3SZZ6",-0.00834704676678642
"B9ENM6",0.00834615129984858
"A0A1S3RQG7",-0.00834597556528285
"A0A1S3RA08",-0.00834518019993582
"A0A1S3R7C2",-0.00834134229134106
"A0A1S3LB14",-0.00833628901642761
"A0A1S3QTX5",0.00833611831787947
"A0A1S3SKJ0",0.00833379772720992
"A0A1S3NMW9",-0.0083331082260379
"A0A1S3PL87",-0.00833211400334625
"A0A1S3QSD1",0.00832965858226223
"A0A1S3M3X4",-0.00832744287769789
"A0A1S3SBN0",-0.00832647189435266
"A0A1S3RYQ5",-0.00832020181985606
"A0A1S3LGX0",-0.00831972264230799
"A0A1S3T5V8",-0.00831963824402591
"A0A1S3N8Z9",-0.00831820895242906
"A0A1S3KZC3",0.0083165261645755
"A0A1S3LIJ6",-0.00831514358037226
"B5X611",0.00831134924179797
"A0A1S3KMJ2",-0.00831120705803288
"A0A1S3NED0",0.00831085696087247
"A0A1S3MCY1",0.00830227491846052
"A0A1S3SH53",0.00830062054161924
"A0A1S3RYX8",-0.00829984679896308
"A0A1S3KQZ1",0.00829892586204865
"A0A1S3SUS7",0.00829533003217607
"A0A1S3NIZ4",-0.00829214821295852
"A0A1S3QKW9",-0.00828920312190428
"A0A1S3RSV5",-0.00828220167567822
"B5XE27",-0.00828030853501317
"A0A1S3NEI6",-0.00827527577619613
"B5X7J7",0.00827161583421382
"C0HBE4",-0.00827086817762508
"B5XEI6",0.00826359478893783
"A0A1S3SM15",0.00826062423905579
"A0A1S3SYC7",-0.00824843269482136
"B9EQ57",-0.0082401796385465
"B5DG56",-0.00823961488226597
"A0A1S3PNT7",0.00823509310769829
"A0A1S3KIR6",-0.00823402206479572
"A0A1S3LNT2",0.00823206031030596
"A0A1S3SBE4",-0.00822954055788085
"A0A1S3NQ06",-0.00822952644935217
"A0A1S3PLF9",-0.00822752337567764
"A0A1S3MET4",0.00822229649298193
"A0A1S3LKY3",-0.00822068154354198
"A0A1S3QS40",-0.00821934544100568
"A0A1S3SQT9",-0.00821883283109083
"B5X8A3",0.00821599354354799
"A0A1S3M4P3",-0.00821517472351144
"A0A1S3QJS8",-0.0082123974356463
"A0A1S3L2L4",-0.00820376734968792
"B5X5B4",-0.00819799181537958
"A0A1S3RED8",-0.00819317446500585
"A0A1S3LDY4",0.00818940859332551
"A0A1S3Q8P8",-0.00818582136252076
"A0A1S3R9L1",0.00818457265439577
"B5XFZ2",-0.00818445784332522
"C0H961",-0.0081816302248711
"C0H9C5",0.00817992023286471
"C0HAU4",0.00817700870479879
"A0A1S3N5W4",-0.00817424359128584
"A0A1S3QRM9",-0.00817415674492113
"A0A1S3QZE9",0.00817253411038885
"A0A1S3LKZ1",-0.00816789175356384
"A0A1S3PN27",-0.00816775864318049
"A0A1S3SAD4",-0.00816122664347603
"A0A1S3PZ71",-0.00815666772533746
"A0A1S3NB97",0.00815656335593373
"A0A1S3NDU9",-0.00815503828446947
"A0A1S3L3J4",-0.00815319963879285
"A0A1S3QCW8",0.00814966467292759
"A0A1S3QSS3",-0.00814729546022424
"B5X8C2",0.00814418455746841
"A0A1S3SIR9",-0.00814377021503552
"B5XAK9",0.00813499667844908
"A0A1S3RRL1",0.00812536207824575
"A0A1S3SAX4",0.00812249330498681
"A0A1S3MXH9",-0.00812137523496514
"A0A1S3SZC4",-0.0081201567305516
"A0A1S3SGB9",0.00811946374302135
"B5XGC0",-0.00811865218809667
"B5XBZ2",-0.00811505193033712
"A0A1S3NM66",-0.00811289847586333
"A0A1S3SBN9",-0.00810857988286029
"B5X5U9",-0.00810725050440823
"A0A1S3N4U0",-0.00810615915713963
"A0A1S3PB86",0.00809923528657786
"A0A1S3LKX4",-0.00808725992220666
"A0A1S3L113",-0.00807602969625781
"A0A1S3SRW3",-0.0080740903469618
"A0A1S3NID3",-0.00806486639945408
"A0A1S3RYR3",-0.00806014837395968
"A0A1S3N105",-0.00805954388668705
"B5XD14",-0.00805768985412163
"A0A1S3NRC3",0.00805514576462125
"A0A1S3PVI6",-0.00805135451092084
"B9ELV7",0.00805028005680415
"B5DGG6",-0.00805023951073457
"B5X1F7",-0.00804814165163135
"C0H947",-0.00804771856959253
"A0A1S3NYK0",-0.00804697832335477
"B9EMJ0",0.00803951396082709
"B9EL89",0.008038329084733
"A0A1S3MTW1",-0.00803517939633742
"A0A1S3QZV5",0.00803080274427123
"A0A1S3RAM9",-0.00802873685731286
"A0A1S3KNV6",0.00802131214634514
"A0A1S3P4Y1",-0.0080188766577247
"A0A1S3LJ26",-0.00801751348319653
"A0A1S3PTL2",0.00801397291868045
"A0A1S3MCD1",-0.00801026259650191
"A0A1S3SSA3",-0.00800833934476871
"A0A1S3MKB9",-0.00800832118688117
"B5X798",-0.0080077906738837
"A0A1S3MLN9",-0.00800637961285424
"A0A1S3SYI9",-0.00800438608658968
"A0A1S3N3E5",-0.0080031964128748
"A0A1S3LS03",-0.00800051208213941
"A0A1S3NRS7",0.00799939017605094
"A0A1S3MAU2",-0.00799416689072431
"A0A1S3SRS5",0.00799063092812565
"C0H826",-0.00798847199131864
"A0A1S3QW47",-0.00798059223474643
"A0A1S3QDZ9",-0.00798001309949795
"A0A1S3Q4T6",-0.00797275225714357
"A0A1S3RTZ1",-0.00796862538483176
"A0A1S3PI12",-0.00796578169113942
"A0A1S3QCZ8",-0.0079628724680896
"B9ENH3",-0.00795549803439369
"A0A1S3M888",0.00795331513069158
"A0A1S3LPX2",-0.00795325006414194
"B5X101",-0.00794779767516703
"B5X6W2",-0.00794061705447131
"A0A1S3QFV1",-0.00793976323653619
"B5X1K1",-0.00793359382886333
"A0A1S3MAC1",-0.00793306243797107
"B5X3B2",-0.00793200450673508
"A0A1S3P1A5",-0.00792884647671932
"A0A1S3MBN3",-0.00792861794720778
"C0HA01",0.00792859767324661
"A0A1S3MBK6",-0.00792676961903501
"B5X4F2",-0.00792440434021429
"B5DGI7",-0.00792237997751732
"A0A1S3N9S2",-0.00791928701835187
"A0A1S3RNK4",0.00791714584341082
"A0A1S3KJ79",-0.00791511857056537
"A0A1S3MTJ2",-0.00791020755296296
"A0A1S3ML54",0.00790840895063852
"A0A1S3STM9",-0.00790762635765862
"A0A1S3RU12",-0.00790628088256197
"A0A1S3KK08",-0.00790052494783419
"B5X3Y4",0.00789528858318006
"A0A1S3T360",0.00788585800804804
"A0A1S3PW71",-0.00787558278317547
"A0A1S3KVW8",0.00787352639286905
"A0A1S3P0V6",-0.00787287709114272
"A0A1S3MC75",0.0078708328224946
"A0A1S3PBA0",-0.00785857487181018
"A0A1S3L661",-0.0078583147268082
"A0A1S3PN91",-0.0078551222843934
"B5DGI4",0.00785013169523783
"A0A1S3REY1",-0.00784813232672285
"A0A1S3QZ72",-0.00784649428610786
"A0A1S3MQX7",0.0078442235693925
"A0A1S3NN74",0.00784060692555513
"A0A1S3P1E8",-0.00783943115762533
"A0A1S3P3N6",-0.00783615026348451
"A0A1S3NIK1",-0.00783592129867771
"B5XA94",0.0078348709278249
"A0A1S3NZ03",0.00783433519931191
"A0A1S3SI13",-0.00783409372230568
"A0A1S3LUJ2",-0.00783080369480589
"A0A1S3M2R2",-0.00782907060815669
"A0A1S3LJK6",-0.00782468006660643
"A0A1S3Q8S9",-0.00781191517294229
"C0H8I2",-0.00781182022138127
"A0A1S3NX33",-0.00780862123541721
"A0A1S3L2K9",-0.00780426544704891
"A0A1S3NSE7",-0.00780396789437029
"A0A1S3QTH5",0.00780098566938478
"B5XC50",0.00779649103699682
"A0A1S3KQ99",-0.00779562381194183
"C0HBN3",-0.0077921961557465
"A0A1S3MLH8",0.00779012780793569
"A0A1S3NAT7",0.00778435071052712
"A0A1S3MKY2",-0.00778359594220866
"B5X1E5",-0.00777998892302007
"A0A1S3T4H6",-0.00777993489778996
"A0A1S3N3S2",-0.00776872055225713
"A0A1S3L5D7",-0.00776692448178268
"A0A1S3SGJ8",-0.00776559166369284
"A0A1S3NP00",-0.00776416866020528
"A0A1S3Q647",-0.0077639339528013
"A0A1S3QSM7",0.00776177609457495
"A0A1S3MDQ0",0.00775923835974819
"A0A1S3PP52",-0.00775872294424804
"A0A1S3RM51",-0.00775476268139611
"B5DGN6",0.007748445240985
"A0A1S3L3W3",-0.00774804758046541
"A0A1S3PTG5",0.00774630304847988
"A0A1S3L0R4",-0.00774578720868589
"B5X3W0",-0.00774485311814877
"A0A1S3PA06",-0.00774223374100109
"A0A1S3MKQ3",-0.0077387994957958
"A0A1S3KZ07",-0.00773853980132798
"A0A1S3MGA6",-0.00773620178943891
"A0A1S3R533",0.00773237810217402
"A0A1S3SZI4",-0.00771817145209272
"A0A1S3SI74",-0.0077144853518063
"A0A1S3SYI3",0.00770835118352303
"A0A1S3LRX6",0.00770760036734388
"B5XFC3",0.0077062353189279
"A0A1S3RJK7",-0.00770384862932988
"A0A1S3MSH8",-0.00770324722762534
"A0A1S3KUD8",0.00769492758552489
"A0A1S3SVR4",0.00769070914748385
"A0A1S3SNS0",-0.00768871358918666
"A0A1S3MLI9",0.0076795613635342
"A0A1S3LY90",0.00766996621280261
"A0A1S3Q2P4",0.00766862813126738
"A0A1S3RJ63",-0.00766400666285083
"A0A1S3MUK6",-0.00766290253768687
"A0A1S3RHP7",-0.00766204528799237
"A0A1S3RCA8",-0.00765903383369395
"A0A1S3P2K7",-0.00765854542151917
"A0A1S3S780",-0.00765767358485508
"A0A1S3PK17",-0.0076571269748215
"A0A1S3LYQ0",0.00765676997179987
"A0A1S3RH21",-0.00765499681131731
"A0A1S3PZ11",-0.00765477628051116
"A0A1S3T6U6",-0.0076520616801105
"B5XCH2",-0.00764827164620986
"A0A1S3QYX6",-0.00764758812047381
"B5XC58",-0.00764680435494077
"A0A1S3MN49",-0.00764017373177466
"A0A1S3LCW4",-0.00763948033872141
"B5X5K2",-0.00763872394746866
"B5X2N2",0.00763267031365799
"B5X2W8",-0.0076271524562502
"A0A1S3QJ09",0.00761440328244841
"B5X215",0.00761287320390729
"A0A1S3RLJ8",-0.00760935424465695
"A0A1S3QPB6",-0.00760774069026806
"C0H8X0",-0.00760157914674798
"A0A1S3M8H3",-0.00759985520806921
"A0A1S3QQ36",-0.0075991728613256
"A0A1S3MDD6",-0.00759672908695827
"A0A1S3MDI6",0.00759239392079606
"A0A1S3NKU6",-0.00759156669280876
"A0A1S3SY83",0.00758789949293287
"A0A1S3NUW1",-0.00758647107541192
"A0A1S3LJW3",-0.00758212264276843
"B5XCL8",0.00758134132567327
"B5DGJ0",-0.00757998122567099
"A0A1S3NZV1",-0.00757928500647846
"B5X3I7",-0.00757447083059668
"A0A1S3RRS0",-0.00757238452567329
"A0A1S3Q9N2",-0.00756668505948383
"A0A1S3R1G1",0.00756637256327337
"A0A1S3NW07",0.00756358771978451
"A0A1S3Q9Y3",-0.00755550202590602
"A0A1S3L0V8",-0.0075511333372855
"A0A1S3MX78",-0.00754744327668426
"A0A1S3SI26",-0.00753951612396757
"B5XD08",-0.00753929971057789
"B5X693",-0.00753619104286244
"A0A1S3LXJ4",-0.00753575861908745
"A0A1S3KIX9",0.00752807738479906
"A0A1S3Q253",-0.00752801204980273
"A0A1S3LG91",-0.00752234892294023
"A0A1S3NZC2",0.00751582793651862
"A0A1S3Q4X3",-0.00751474839972579
"A0A1S3R7J9",0.00751402786486394
"A0A1S3R8F9",-0.00751335277095249
"C0HBC2",-0.00750926956659767
"A0A1S3NVZ3",0.00750012563613046
"A0A1S3N6T1",-0.0074973887993088
"A0A1S3RIV3",0.00749544821456687
"A0A1S3LYU4",-0.00748764848670647
"A0A1S3RCJ5",-0.00747866234811155
"M4VHS4",-0.00747732908882082
"A0A1S3M052",0.00747024776681169
"A0A1S3SB18",-0.00746881916870979
"A0A1S3NT62",-0.0074669685542385
"A0A1S3N6K4",-0.00745779356424173
"A0A1S3KWX9",-0.00744908023679092
"A0A1S3RF10",0.00743922676939731
"A0A1S3LLR2",-0.00743845804117512
"A0A1S3NFL5",0.00743805381641257
"A0A1S3RKB2",-0.00742953593155122
"A0A1S3QMQ8",0.00742531409273202
"A0A1S3LKM5",-0.00742319688008038
"A0A1S3L8E0",0.00742156276800435
"B5DGC7",-0.00741866488111692
"A0A1S3MUZ7",-0.00741614781898955
"A0A1S3RF50",-0.00740626551034033
"A0A1S3S3L0",0.00739967830369672
"B5X704",-0.00739952357837392
"A0A1S3SIX4",0.00739569349223702
"A0A1S3LT14",-0.00738792984765251
"A0A1S3S1N7",-0.00738344011351705
"A0A1S3MI49",0.00738155390688388
"A0A1S3NPU8",0.00737994603217978
"A0MT11",-0.00737820972129992
"C0H9Y2",-0.007375034989833
"A0A1S3M1G1",0.00737189667949602
"A0A1S3RHJ7",-0.00737118032357239
"A0A1S3S767",-0.00737061924043505
"A0A1S3NI20",-0.00737028964530346
"A0A1S3N9C0",-0.00736486945050359
"A0A1S3N2E5",0.007364032976703
"A0A1S3SEG8",-0.00736268339815874
"A0A1S3L6Q3",0.00736231359031267
"A0A1S3M2U1",0.00735917618625172
"A0A1S3R2C2",0.00735850809260837
"B5X341",0.0073584309275827
"A0A1S3NK91",-0.00735808800251548
"A0A1S3NEG0",-0.00735588854779922
"A0A1S3PV75",-0.00735466129049537
"B9EL39",0.00735131110911742
"A0A1S3ND40",0.00735010613251318
"A0A1S3KPE0",0.00734498465727876
"A0A1S3RWL0",0.00733845665898269
"A0A1S3QVF7",0.00733481477631283
"A0A1S3LD29",-0.00732854042155111
"A0A1S3LT86",0.00732787898935049
"A0A1S3P9Z8",-0.00732583232351088
"A0A1S3LHS8",-0.00731206037263783
"C0H7G5",0.00731181227953134
"A0A1S3LSU9",-0.00730935258706613
"A0A1S3KLC5",0.00730418649966751
"A0A1S3MBZ3",0.00730118799516193
"A0A1S3SBC5",0.00730048115289386
"A0A1S3REF4",0.0072943289513283
"A0A1S3KWW1",-0.00729280467444349
"B5X4J9",-0.00728998835934909
"A0A1S3R5I2",0.00728785767386947
"A0A1S3L906",-0.00727543768663172
"A0A1S3MIY2",0.00726890280968615
"A0A1S3R8F3",-0.00726784598884583
"A0A1S3PWG2",0.00726711527277527
"A0A1S3SBL2",-0.00726616194789993
"A0A1S3M283",-0.00726578662588419
"A0A1S3NIA0",-0.00726576967902517
"B5XDZ0",0.00726259633458715
"B5X8M6",0.00725851054060531
"A0A1S3S9I0",-0.00723913487798913
"A0A1S3SU51",-0.00723635958910857
"A0A1S3KKP9",-0.00723522410648942
"A0A1S3M624",-0.00723408076717554
"A0A1S3MEY7",0.00723074400296304
"A0A1S3RZJ0",-0.00722948053125589
"B5X3Y6",-0.0072293584188163
"A0A1S3MHK2",-0.00722640053859554
"B5XFW4",0.00722332010211249
"A0A1S3KXA0",0.00721922368037567
"A0A1S3R0L6",-0.0072138573471556
"B5XEW9",-0.00721183123105906
"A0A1S3SFS8",-0.00721156227289272
"A0A1S3KYE7",-0.00720926695567031
"A0A1S3L2U4",-0.00720695838923318
"A0A1S3Q8L8",0.00720095428205483
"B5X892",0.00720044809414184
"A0A1S3T168",-0.00719726313881863
"A0A1S3L684",-0.00719562005899216
"A0A1S3SXR4",-0.00719151962715243
"A0A1S3M1C6",0.00718277581169861
"A0A1S3L9M0",-0.0071726473911622
"B5DG13",-0.00717206251483717
"A0A1S3LJH4",0.00716722007165763
"A0A1S3LPE2",-0.00716399291461214
"A0A1S3N3E8",-0.00715787281696473
"B9ENY6",0.00715713264148627
"A0A1S3PBD3",0.0071551301592136
"B5X5A6",-0.00715510957137868
"A0A1S3MAZ3",0.00715444341044609
"A0A1S3LUV1",-0.00715432334202317
"A0A1S3S4L4",-0.00715411381081897
"A0A1S3PMP9",0.00714435274754794
"B5X6J0",-0.00713751644475124
"C0H7J3",-0.00712934285170013
"A0A1S3SS05",0.00712602129932512
"A0A1S3QGH7",0.00712290445394025
"A0A1S3LBF4",0.00711964688962672
"A0A1S3LFB7",0.00711929839431433
"B5X2Z8",-0.00711611658850876
"C0H9U1",-0.00711229808750619
"A0A1S3P8L9",-0.00711026070285319
"B5X5P9",-0.0071101320267283
"A0A1S3LRM2",-0.00710317594161115
"A0A1S3T5D6",-0.00709796083681262
"A0A1S3S9Y6",-0.00709776432656073
"B5X623",0.00709718287953578
"A0A1S3NB35",0.00709227220290561
"Q03156",0.00709216383159027
"B5X366",-0.0070845609554749
"A0A1S3L7S6",-0.0070799112767552
"A0A1S3PB88",-0.0070785765639492
"A0A1S3N3B7",-0.00707337118207719
"A0A1S3RJJ1",-0.00706258041799699
"B5X642",-0.0070616691941976
"A0A1S3KRQ4",-0.00706050786343475
"A0A1S3MHD1",-0.00705675863195505
"A0A1S3KQA4",0.007055711754611
"B5X7M8",-0.00705303543444502
"A0A1S3QBW3",0.00705094697906645
"A0A1S3P8F1",0.00704852310714096
"A0A1S3M1Q2",-0.00704534592712744
"A0A1S3NSL0",0.00704412993039852
"A0A1S3SSY3",-0.00704363676806575
"A0A1S3MA53",-0.00703929489019684
"A0A1S3SI04",0.00703810101071722
"A0A1S3SHL1",0.00703790288333568
"A0A1S3SMD2",-0.00703140869081463
"A0A1S3RKV7",-0.00702944121567841
"C0HB84",0.00702774208555204
"A0A1S3SXT2",0.00702468945085113
"A0A1S3T0Y3",-0.00701806338306985
"B5X4K8",0.00701538664304287
"B5X2W0",0.00701330104038182
"A0A1S3M311",-0.00701010300943852
"A0A1S3N8P0",-0.00700888682207438
"A0A1S3LJR4",-0.00700696124267878
"A0A1S3T118",-0.00700352212875489
"A0A1S3RIB8",-0.00700329423789922
"A0A1S3NV01",-0.00699833078516577
"A0A1S3KSQ2",-0.00699273874419801
"B5DGQ9",0.00699186080584848
"A0A1S3QIR1",-0.00698839397708564
"A0A1S3R6I8",-0.0069863344477609
"A0A1S3PUT7",0.00698607381401075
"A0A1S3T666",0.00698495558722453
"A0A1S3NDG7",-0.00697757936401597
"A0A1S3KZQ6",0.00697462447604515
"A0A1S3SH30",-0.00697273781901536
"A0A1S3S853",0.00696325162922001
"B5X703",-0.0069611728424713
"A0A1S3S7C9",-0.00695987082423494
"A0A1S3LK94",-0.00695288155779575
"A0A1S3Q932",0.00694931055279723
"A0A1S3RMY6",0.00694911132137246
"A0A1S3N6L1",0.00694798419902113
"A0A1S3P7G2",-0.0069452806376674
"A0A1S3NWS5",-0.00694461604974522
"A0A1S3SJE0",0.0069324675426404
"A0A1S3L870",-0.00692576299555848
"B5X2F3",0.00692280591951365
"A0A1S3R0U6",0.00692266023479908
"B9ENW3",0.00691976149766163
"A0A1S3PK42",-0.00691649171097157
"A0A1S3LAA8",-0.00691484718536837
"B5X0Y6",-0.00690987402115752
"A0A1S3RJR5",-0.00690357726372431
"B5X4K7",-0.0068999078100636
"A0A1S3LGA6",-0.00689973439420997
"A0A1S3RZ87",0.00689638041066622
"B5XGS1",-0.00688339950820479
"A0A1S3N9R8",-0.0068731242684126
"A0A1S3N2A0",0.00687125807346557
"B5X1A1",-0.00687096599562143
"B5X148",0.00685631992806591
"A0A1S3S1K6",0.00685122485094654
"A0A1S3MN46",-0.00684957049092962
"A0A1S3N6K9",0.00684092535727402
"B5XEV2",-0.00683744390936672
"A0A1S3LK88",-0.00683565500384258
"A0A1S3NFB2",-0.00683562175285065
"A0A1S3R5D3",-0.00683373976232699
"A0A1S3Q392",-0.00683281150210823
"A0A1S3MEC2",0.00682267037036316
"B5X3F9",0.00682221559781274
"A0A1S3R5C8",-0.00681330601268362
"A0A1S3KP87",-0.00680674389506369
"A0A1S3PMP0",0.00680081774810928
"A0A1S3N2D2",-0.00679799391659448
"B5XCC9",0.00679553412958498
"B5DGF9",-0.00679129189531733
"A0A1S3R9P3",-0.00678625884101508
"A0A1S3QRN2",0.00678071335118705
"A0A1S3R0C4",-0.006780600677502
"A0A1S3NQG2",-0.00677667307438478
"B5X3Q1",-0.00676427620663353
"A0A1S3N6S7",0.00676308805420151
"A0A1S3LD30",0.00676112022067158
"A0A1S3N6E0",-0.00676036329387853
"A0A1S3KXV0",-0.0067584887888124
"A0A1S3Q680",-0.00675841478288874
"B5X9Y8",0.00675771243493085
"A0A1S3MYC4",0.00675741769966669
"A0A1S3PA95",-0.0067566115761465
"A0A1S3KLM3",-0.00675623838915079
"A0A1S3MP99",-0.00675505250950007
"A0A1S3RL91",-0.00675027957991934
"A0A1S3L1E9",0.00674802299360936
"A0A1S3SE15",-0.00674741173082484
"A0A1S3PMN8",-0.00674631628751101
"A0A1S3T126",0.00673941256965847
"A0A1S3KUC3",0.00673844397777714
"A0A1S3NSF9",0.00673554466950257
"A0A1S3PW31",-0.00673007803001522
"A0A1S3QMI1",0.00672682565872566
"A0A1S3QIW0",-0.00672261165162807
"A0A1S3RIW7",0.00671949281342129
"A0A1S3M609",0.00671354295887117
"A0A1S3T080",-0.00671263677934688
"A0A1S3SYZ4",0.00670976813888832
"A0A1S3MU26",-0.00670700190529165
"A0A1S3NH62",-0.00670571070243695
"Q29W12",-0.00670292426231751
"A0A1S3KJ89",-0.00669522481693265
"Q2V6Q8",-0.00668733694199856
"A0A1S3NPW7",0.00668700308996328
"A0A1S3PPA7",-0.0066864802183086
"B5X6W0",0.00668460246773448
"A0A1S3PXD9",-0.00668319223476826
"A0A1S3N4N7",0.0066694682950439
"B5XGY1",-0.00666473116749005
"A0A1S3SR49",0.00666013252631141
"B5X241",-0.00664824866323697
"A0A1S3L2L9",-0.00664364958648388
"A0A1S3NLR2",-0.00664196285988824
"A0A1S3M941",-0.00663803955015743
"A0A1S3SZ16",-0.00663709488373857
"B5X6G0",0.00663093500474023
"A0A1S3RAS9",0.00662954391471759
"A0A1S3QAM7",-0.00662069734031564
"A0A1S3S725",-0.00661558823244573
"A0A1S3NZK8",-0.00661261680573813
"A0A1S3RNG0",-0.00660968149504362
"B5X9N0",-0.00660856515987584
"A0A1S3LWI9",-0.00660173413341329
"A0A1S3MLN0",-0.00660026569902075
"A0A1S3RI04",-0.00659624675145057
"A0A1S3RYT8",0.00659486522777489
"A0A1S3SBS6",0.00658974607823519
"A0A1S3SLB3",-0.00658818339068221
"A0A1S3M7H9",-0.0065854749507741
"A0A1S3R8Y3",-0.00657805428198885
"A0A1S3MW86",-0.00657722218451125
"A0A1S3L1N6",0.00657606569705761
"A0A1S3M3V8",-0.00656716342827971
"A0A1S3NS97",0.00656633182664606
"A0A1S3SXA0",-0.00655904165402306
"A0A1S3SM64",0.00655809857961985
"A0A1S3L244",-0.00655327055148988
"A0A1S3KKF0",-0.00654958629381263
"A0A1S3L6M9",-0.00653875924111492
"A0A1S3RGX2",-0.00653312962692918
"A0A1S3KKS4",-0.00653035778154699
"A0A1S3NTK8",-0.00652497116061347
"A0A1S3PZT4",-0.00652230975332991
"A0A1S3Q1U8",-0.00651748433900682
"A0A1S3T4D7",-0.00651058634539714
"A0A1S3LD07",-0.00650943684313748
"A0A1S3PGT7",-0.00650855200635063
"A0A1S3PTK3",-0.00650839584445588
"A0A1S3LSF7",-0.00650433671099851
"A0A1S3NMW7",-0.00650206979989913
"A0A1S3PQT6",0.00648326552850678
"A0A1S3MYF2",0.00647633770966208
"A0A1S3P8C1",0.00647248712917893
"A0A1S3QY14",0.00647071224888893
"A0A1S3T5H6",-0.00647015070723964
"A0A1S3NPT5",0.00646803147808277
"A0A1S3R1V4",-0.00646589326175694
"A0A1S3NSG1",-0.00645560898728669
"A0A1S3QFR2",-0.00645358314110391
"A0A1S3N5V9",-0.00644978290597793
"B5XEX6",0.00644901863416738
"A0A1S3Q136",-0.00644772398777555
"A0A1S3RQ28",-0.00643163416260439
"A0A1S3MH99",-0.00642891448027608
"A0A1S3LS62",-0.00642810522870401
"A0A1S3LFH6",-0.00642543170532077
"A0A1S3L820",-0.00642314639209328
"A0A1S3QN23",-0.00642309601435283
"A0A1S3SNA7",-0.00641318129371343
"C0H9R4",-0.00641285232518641
"C0HAI7",-0.00641179062406114
"B5XBY2",-0.00640761277691458
"B5X489",-0.00640209372687884
"B5X5S9",-0.0063990155925343
"A0A1S3NEN1",0.0063955857147125
"B5X9B6",-0.00639336391867341
"A0A1S3RI96",-0.00639316753574731
"A0A1S3MT56",-0.00639295351515131
"A0A1S3Q247",-0.00638600951735792
"B9EQF4",0.00638357903868618
"B9EPP5",-0.00638245701541683
"A0A1S3S5U3",-0.00637821214622926
"A0A1S3MXX5",-0.00637607012007222
"A0A1S3M0V1",0.00637483923987667
"A0A1S3NLC6",-0.00637081607835349
"B5X102",-0.00636946546636239
"B5X3I1",-0.00636631448836166
"A0A1S3NYY9",-0.00635173082995345
"A0A1S3KYB1",-0.00634795410781189
"A0A1S3PQ47",0.00634756108828896
"A0A1S3NZN6",-0.00633493262253483
"A0A1S3LVP9",-0.00633235606411402
"A0A1S3RX87",0.00633189136067073
"A0A1S3NQK0",-0.00632971906395959
"A0A1S3M6M3",0.00632270698446563
"A0A1S3MU34",-0.00632222321970737
"A0A1S3N3G2",0.0063212635767111
"A0A1S3SRY6",-0.00631986737034207
"A0A1S3KWI4",-0.0063180138345381
"A0A1S3QVM0",-0.00631546055615103
"A0A1S3SZN4",-0.00631359465844549
"A0A1S3KSG6",0.00631345810386555
"A0A1S3NU86",-0.00631145933002989
"B5X0V9",-0.00630996018448634
"A0A1S3PN43",-0.00630088466015529
"C0HB55",-0.00629695356741525
"B5X4D0",-0.00629463644546941
"A0A1S3P5B0",-0.00629441960879377
"A0A1S3PYW9",0.00629236998449252
"A0A1S3PAK7",-0.00628959730069522
"A0A1S3NXV2",0.00628573657191493
"A0A1S3M4V5",0.00627819762119094
"A0A1S3M3C2",0.00627192320965986
"B9EMD1",0.00627123508383645
"C0HBS7",0.00626362060669372
"A0A1S3NTS8",-0.00626013649086577
"A0A1S3P282",-0.00625891239720581
"B5X956",0.00625598612611231
"A0A1S3RV41",-0.00625236109381968
"A0A1S3S0Y8",0.00624830608112561
"B5X3U3",-0.00624670567719916
"A0A1S3RDQ8",0.0062451954649861
"A0A1S3PG75",-0.00624397315808883
"A0SEG1",0.00623068281644888
"A0A1S3NYZ3",-0.00622979544041041
"A0A1S3L4Q6",0.00622709718230839
"A0A1S3KTQ8",-0.00622226411207349
"C0H8H7",0.00621937203162306
"A0A1S3RCK8",0.00620811523994181
"B5X9U1",-0.0062038794988161
"A0A1S3R0T0",0.00620304096747496
"A0A1S3LZP4",-0.00620070701654801
"A0A1S3LUZ4",-0.0061973846994787
"B5X9Z4",-0.00619319839090089
"A0A1S3MPN3",-0.00619289178713263
"A0A1S3LGB6",-0.00619239517109633
"A0A1S3PH17",-0.00619014265807746
"A0A1S3P376",-0.0061884122690583
"A0A1S3LUT7",-0.00618720437074704
"A0A1S3NJG1",-0.00618604727937195
"A0A1S3S821",-0.00617951644360354
"A0A1S3KJ28",-0.0061772776238505
"A0A1S3NP57",-0.00617138067113306
"A0A1S3R2A9",-0.0061642081794706
"B5DFV0",0.00616065478665983
"C0H9F6",0.00615117200897563
"A0A1S3MNL5",-0.00615091489139992
"A0A1S3MXH5",-0.00614542771621671
"B5X6K7",-0.00614111114507758
"A0A1S3QFM1",-0.00613853652397645
"A0A1S3PMR1",-0.00613787535211155
"B5XBY3",0.00613649723397339
"A0A1S3SER7",-0.00612978223796009
"B5X3C8",-0.00612896889652134
"B5X9S9",0.00612391874188546
"B5X3N7",-0.00612262492756493
"B5X856",0.00612166278701457
"A0A1S3ME01",-0.00611793680421681
"B5XBI7",-0.00611306880767859
"A0A1S3PDP0",-0.0061129059353946
"A0A1S3KTX6",-0.00609938241311037
"A0A1S3RIY6",-0.00609774892511251
"B5X2Q6",0.00608699769409287
"A0A1S3S8J0",0.00608318644828405
"A0A1S3Q0V6",0.00607314424460955
"A0A1S3N1C3",-0.00605742175988226
"A0A1S3KMB6",0.00605444959732854
"A0A1S3QS16",-0.00605151599101983
"B5X4I3",0.00604900420484953
"A0A1S3SYE4",-0.00604637010431072
"A0A1S3P3R7",-0.00604337046748932
"A0A1S3LCT4",-0.00604288590124282
"C0HBT4",0.00602767150830295
"A0A1S3R275",0.006026706434482
"B5X5V9",0.00601552236335033
"A0A1S3Q5Y7",-0.00601395400218421
"A0A1S3T604",-0.00601360870006888
"A0A1S3LEZ3",0.00600537777191359
"B9ENW4",-0.00600222057985945
"P49946",0.00599652618456103
"A0A1S3PLL4",0.00599202941057305
"A0A1S3MJJ1",-0.00599188545277994
"A0A1S3M7W8",-0.00599141382601808
"A0A1S3QHB6",0.00598814712013528
"A0A1S3MKI6",-0.00598773882698584
"A0A1S3R5T9",0.00598745167683144
"A0A1S3QRL5",0.00598058932419119
"A0A1S3L4Y3",0.00597754232999216
"A0A1S3MJL1",-0.00596923795779574
"A0A1S3Q538",-0.00595537305858358
"A0A1S3RV97",-0.00595121035551333
"A0A1S3KZA2",0.00594749305058885
"A0A1S3PFG7",-0.00594267028374068
"A0A1S3RBI7",0.00593802051206844
"C0HA13",-0.00593136427633282
"A0A1S3RIV6",-0.0059278511371002
"A0A1S3MRI8",0.00592066680284744
"B5XGC3",0.00591422821312177
"A0A1S3RNE0",0.00590964314219438
"A0A1S3LPD5",0.00590932664050713
"A0A1S3RWC7",-0.00590865247277555
"A0A1S3RXK1",-0.00590362895931859
"A0A1S3M4C1",0.00590039563197008
"A0A1S3RJV4",-0.00589168652127282
"A0A1S3P3T7",-0.00589004905404713
"A0A1S3KWT1",0.00588702849612864
"A0A1S3NYB1",0.00587551743925771
"A0A1S3L9R8",0.00586838382677374
"A0A1S3SY27",0.00586818218462652
"A0A1S3NCB3",0.00586609763784508
"A0A1S3NC39",-0.00586413813252447
"A0A1S3MXK4",0.00586263717364171
"A0A1S3Q6T6",-0.0058619561942893
"A0A1S3T3K1",-0.00585378347624667
"A0A1S3R3J3",0.00585375705642365
"A0A1S3SWR6",-0.0058479761990345
"B5X7L8",-0.00583794214324487
"A0A1S3RUE0",-0.00583506255113796
"A0A1S3RDL8",-0.00583076556164055
"C0HB68",-0.00581949023079197
"A0A1S3PT36",-0.00581700697062857
"A0A1S3RX21",0.00581532067112399
"B5X3Z4",0.0058150811003299
"B5X1Y3",0.00580754033839153
"A0A1S3SL49",-0.00580597769892719
"A0A1S3NA10",0.00580466197707408
"B9EL52",0.00580437582307562
"A0A1S3NLX6",-0.00579835817054425
"A0A1S3P7T2",0.00579781995030567
"A0A1S3M0A1",0.00579407872046301
"B5X4S9",-0.00577928907823694
"A0A1S3S6A0",0.00577732007749657
"C0HBA2",-0.00577101150098861
"A0A1S3P143",0.00576527066258801
"A0A1S3PD16",-0.00576326440390035
"A0A1S3Q7G0",-0.0057555190037865
"A0A1S3RG44",-0.00575259052474956
"A0A1S3MFP0",-0.00574871955448773
"P21848",0.00574777762555901
"A0A1S3LCP4",-0.00574299139521929
"A0A1S3PJX0",-0.00572660129354552
"A0A1S3KNT1",0.00572589083200929
"A0A1S3L8J4",0.00572236475078956
"A0A1S3ST53",0.0057177047648863
"A0A1S3MCP4",-0.00571625066335374
"A0A1S3SQW7",-0.00570885597386168
"A0A1S3QIV6",-0.00570532259195629
"A0A1S3NKZ0",-0.00570480353993383
"A0A1S3PM73",0.00570092261376111
"A0A1S3MND7",-0.00570063864524393
"A0A1S3M9C7",-0.00569523572914062
"A0A1S3NKR2",-0.00568218632917872
"C0H789",-0.00567995489668788
"A0A1S3RNY7",0.00567198084917936
"B5X4A8",-0.00566860504147606
"B5X8C7",0.0056639438664856
"A0A1S3R397",-0.00566300369048579
"A0A1S3KZ18",-0.00566267782072367
"A0A1S3S0W1",-0.00565569045202711
"A0A1S3QJP9",-0.00565109886723394
"A0A1S3R831",0.00564975132802128
"A0A1S3NVL8",-0.00564752631731322
"A0A1S3RSY3",-0.00564499016657187
"B9EN53",0.00561670605025206
"B5X5V7",-0.0056110420091409
"B5XGR1",0.0056065366278395
"B5X9P7",0.00560228515690114
"A0A1S3SIT5",-0.00559974441450762
"B5X157",-0.00559931885315572
"A0A1S3MN43",0.00559508059795276
"A0A1S3S669",-0.00558648712583174
"A0A1S3Q1E8",0.00558144010719863
"A0A1S3NKZ4",-0.00556837276719684
"B5XGT2",0.00556731115711364
"B5XEH4",0.0055670524626194
"B5X5D9",-0.00556619966805359
"A0A1S3N190",-0.00556609146094868
"A0A1S3QZH9",0.00555850867859392
"A0A1S3PDX7",-0.00555557331526158
"A0A1S3LFK6",-0.00555473978570191
"A0A1S3PIP9",-0.00554351089723563
"B5X395",-0.0055363764387802
"A0A1S3NAJ7",0.00553085805856532
"A0A1S3RDE3",-0.00552899427577301
"A0A1S3MCC1",-0.0055270141300417
"A0A1S3R2Z9",0.00552619088038982
"A0A1S3NAF2",0.00552511642876502
"A0A1S3RMI1",-0.00552372130622594
"Q91482",0.00551527489272622
"A0A1S3M2Z4",-0.00551229465323441
"A0A1S3ST76",0.00550582436567786
"A0A1S3LFH1",-0.00549796058237044
"A0A1S3M3D3",-0.00549750989719599
"A0A1S3SL84",0.00549460734932852
"A0A1S3N8C4",-0.00548333735072262
"A0A1S3P228",-0.00547529753918926
"C0H9I3",-0.00547373389444345
"C0HAF8",-0.00547273153661208
"A0A1S3MAF1",0.00547235565163195
"B5X1H0",-0.00547187792708599
"A0A1S3RA39",-0.00546166830562822
"A0A1S3LKP3",-0.00545967771744104
"A0A1S3KJV8",0.00545361851837856
"A0A1S3PCI5",0.00544372798543374
"A0A1S3MX85",0.00543983188387586
"B5DGH0",-0.00543896296588401
"A0A1S3MZA2",0.00542965272228163
"A0A1S3QGP4",-0.00542428271610253
"B5XA02",0.00540821421993811
"A0A1S3PZW2",-0.00539303866797812
"A0A1S3N451",0.00539026691546187
"A0A1S3ML57",-0.0053786650807238
"A0A1S3N9R0",0.00537636232179796
"A0A1S3S2X9",-0.00537215923750464
"B5XFC5",0.00536361006282321
"B5XE12",0.00535640854774639
"A0A1S3NX45",-0.0053540352070268
"A0A1S3SQZ7",-0.00535261716503546
"A0A1S3S216",-0.00534830810415044
"B5X6N2",0.00534167230349001
"A0A1S3M8I5",-0.00533928642969281
"A0A1S3SYH2",-0.00533838814199627
"A0A1S3NVZ9",-0.00533649724287731
"A0A1S3N6M2",-0.00533421727348267
"B5XGC5",0.00532682669689571
"B9EP00",-0.00531943389190416
"A0A1S3NFV9",-0.00531267041782459
"A0A1S3P9Z0",-0.00531234972196812
"A0A1S3KYK4",0.00528938498158395
"A0A1S3SD33",0.00528798583854011
"A0A1S3M7Z2",-0.00527950493323434
"A0A1S3RFI8",-0.00527917921197211
"B9EMM2",-0.00527800594194528
"A0A1S3SA45",0.00526811369895383
"B5X9Z0",-0.00525091218511489
"A0A1S3N999",-0.00524830129858892
"A0A1S3NYY3",0.00524708844470494
"B5XDE4",-0.00523327249456935
"A0A1S3MWJ1",0.00523240396774035
"A0A1S3LST5",-0.00523168372597827
"B5DGW5",-0.00522221913934999
"A0A1S3L3F2",-0.00520748070277489
"A0A1S3MMW5",0.00520623112415465
"A0A1S3PKU1",-0.00520444173224472
"A0A1S3SYG7",0.00520118422873618
"A0A1S3S8Z1",-0.00519918221191743
"A0A1S3PEA9",-0.00518321546905934
"A0A1S3LTX7",-0.00517776785438638
"A0A1S3LY81",-0.00516897144314118
"A0A1S3Q4F6",0.00515902811923214
"A0A1S3Q205",-0.00514825903189531
"A0A1S3P6S9",0.00514600147417233
"A0A1S3PYG0",0.00514362588547422
"B5XH65",-0.00513937438515008
"A0A1S3LCC2",-0.00512924667924375
"A0A1S3Q2U1",0.0051258646304241
"A0A1S3L1Q1",-0.00512222535796841
"A0A1S3RLL1",-0.00511106845395483
"A0A1S3SZQ1",0.00510821415843511
"B5X0T7",0.00510574040712571
"A0A1S3SND5",-0.00510267931037062
"A0A1S3LP20",0.00510073618276988
"A0A1S3MEW2",-0.0050978547754528
"B9ENR6",0.00509706873106139
"A0A1S3LGM4",-0.00509688550063316
"A0A1S3NUK6",-0.00509587955282601
"B5X2H6",0.00508002032624144
"B5XCM5",-0.00507670073797735
"A0A1S3KS06",0.00507565536031024
"D0QEL0",0.00506827579313265
"A0A1S3SVX8",0.00506749499263299
"A0A1S3P5P6",-0.00506637465037986
"B5XC25",-0.00506413379423051
"A0A1S3KZE7",0.00505830825876597
"A0A1S3PLR7",-0.00505237753143471
"A0A1S3LLM7",-0.00503069382088854
"A0A1S3RCW9",-0.00502011254759271
"B5XBV9",-0.00500939057391766
"A0A1S3STN2",-0.00500772668641197
"A0A1S3M845",0.0049994342982319
"A0A1S3SEF4",0.00499872950015874
"B9EP50",0.00499491039680175
"B5X1V4",0.00498877775715593
"A0A1S3R829",0.00497382200347905
"A0A1S3LH89",0.00496990619272284
"A0A1S3S025",-0.00496582934224416
"A0A1S3Q8K3",0.0049656597518878
"B5XA95",0.00496334517784641
"A0A1S3NRT0",0.00496145010086784
"A0A1S3QGA3",-0.00496108088781584
"A0A1S3Q6C7",-0.00496012604221966
"A0A1S3M660",0.00495686275113814
"B9EL42",-0.00495375732933321
"P35527",0.00495222214242403
"A0A1S3MXW7",-0.00495113515661099
"A0A1S3NN20",0.00494639379265903
"A0A1S3NV77",-0.00494129936102769
"A0A1S3KTJ5",0.00493428632802455
"A0A1S3L8Y3",-0.00493254841627593
"B5DG84",-0.00492870593633372
"C0HAG6",-0.00492728650263455
"A0A1S3NS72",-0.00492649638470663
"B5DFU8",-0.00492635449847915
"A0A1S3LE13",-0.0049201731574214
"A0A1S3SYZ8",-0.00491768490998019
"A0A1S3KRS1",-0.00491570828246466
"A0A1S3SS48",-0.00491503789047615
"A0A1S3QR20",-0.00491384942230297
"A0A1S3R5V8",-0.00490951485342169
"A0A1S3P854",-0.00490645192964315
"A0A1S3RCV1",0.0049063154195525
"C0HBG1",0.00490525788746203
"A0A1S3R4H6",0.00489340496762317
"A0A1S3SZ47",-0.00489217253888368
"A0A1S3M7K7",0.00489203398433239
"B9EL24",-0.00487995200572604
"A0A1S3S9R7",-0.00487067458818237
"A0A1S3MQE7",-0.00486953802843563
"A0A1S3RFA4",-0.00486918652152404
"A0A1S3R8X0",-0.00486528776034661
"A0A1S3NUU7",-0.00486492947797708
"A0A1S3SVE1",0.00485873569272111
"A0A1S3MZV3",-0.00485554762914728
"A0A1S3KZD7",-0.0048526394986437
"A0A1S3S8W8",0.00485037660865597
"A0A1S3LSV6",-0.00484559521600401
"A0A1S3NRT6",-0.00484396145911585
"B5XAA2",-0.00484159301884898
"B5X805",-0.00484017564543613
"A0A1S3RDG0",0.00483230748381625
"Q800Z5",0.00482559248369234
"B5DGC5",0.00482016339434281
"B5RI68",-0.00481689683641695
"B9EM43",0.00481264179382033
"B9ELS5",0.00481124271790154
"A0A1S3NMZ0",0.00480112882688543
"A0A1S3R608",0.0048001209480142
"B5XC61",-0.0047960099093022
"A0A1S3MF90",-0.00479294318422151
"A0A1S3SR98",0.00479200252220014
"B5X1L4",-0.00478891883879892
"B5DGF3",0.00478306128652635
"A0A1S3N8U2",0.00477980865651898
"A0A1S3NYX0",0.00477717113216095
"A0A1S3QJS3",-0.00476458934954081
"A0A1S3SXR2",-0.0047521519740967
"B5DGF2",-0.00475154584601582
"B5DGU6",0.00474926079656814
"A0A1S3QPE2",-0.00474794528058679
"A0A1S3N4L0",-0.0047445158139878
"B5XBM3",0.00474083266521865
"A0A1S3SS75",-0.00473872945881255
"A0A1S3SHC8",-0.00473732056165532
"A0A1S3N611",0.00473096238318311
"A0A1S3R297",0.00472920984790445
"A0A1S3RM68",-0.00471130906928752
"A0A1S3R528",-0.00471028324976514
"A0A1S3PNB2",0.00470672818285022
"A0A1S3NTS6",0.00469774009539272
"A0A1S3PV22",-0.00469487626119675
"A0A1S3SRP7",-0.00467442227169043
"A0A1S3QEF8",0.0046699595147011
"B9ENF1",-0.0046669831989073
"A0A1S3KWB8",0.00466598526163848
"A0A1S3LR40",-0.00466593062540995
"A0A1S3NAZ6",-0.00466266303277415
"A0A1S3L7Q4",-0.00466102059584282
"C0HAN8",-0.00465387445544448
"A0A1S3PL77",-0.00465374073811764
"A0A1S3MGY3",0.004652284937766
"B5X1S8",-0.00465206306695415
"A0A1S3MSZ8",0.00464236823721417
"A0A1S3NEM4",-0.00463404478867556
"A0A1S3RW08",0.00463337924311213
"A0A1S3LJY8",-0.00462558322101796
"A0A1S3QGX2",-0.00461400655982813
"A0A1S3LZN6",-0.00461015259435354
"B5DGS5",-0.00459901681097043
"A0A1S3S9M9",-0.00458958572399443
"A0A1S3N6U3",0.00458953879595964
"A0A1S3R6Q7",-0.00458546066214682
"A0A1S3S3Z9",0.00458189420581821
"A0A1S3PJH6",-0.00458070979376561
"A0A1S3SCM5",0.00457139721229496
"A0A1S3RDP9",-0.00456541406384051
"A0A1S3Q8W5",0.0045631530932083
"A0A1S3NHT0",-0.00455626493508446
"A0A1S3SSB3",-0.00454487861722814
"A0A1S3MRX5",-0.00454369091484099
"A0A1S3KYN8",0.00452895160913742
"A0A1S3QDM4",0.00451017686648709
"A0A1S3NET1",-0.00450980179974622
"A0A1S3RVF7",0.00449457938847573
"A0A1S3PM70",-0.0044943194082605
"B5X688",-0.00448880840964681
"A0A1S3MJ36",-0.00447602380629267
"B5X2E5",0.00446163816988072
"B5X4L8",0.00445750808944271
"B5X331",0.00445657941095395
"B9EMK7",0.00444400954181971
"A0A1S3LHG0",-0.00444387165418903
"A0A1S3LQP7",0.00444172127085141
"A0A1S3LTI2",-0.0044408882232635
"A0A1S3REZ4",-0.00443940048625365
"A0A1S3PPA3",0.00443683476417693
"A0A1S3NUZ4",0.00443517672489211
"A0A1S3KZK6",-0.00443241079335646
"A0A1S3L7U5",0.00443029819111254
"A0A1S3SNE3",-0.00442799834274002
"B9EMB8",0.00442619174184647
"Q0ZBS0",-0.0044179625833936
"A0A1S3PWC1",0.00441758807539536
"A0A1S3NZ78",-0.00439894258368367
"A0A1S3MVV6",0.00439420627080486
"A0A1S3Q7E3",-0.00438843183518173
"A0A1S3S3F2",-0.00437813363667251
"A0A1S3LYW9",-0.00437187803511585
"B5XF92",0.00436964247930932
"A0A1S3QNZ4",0.00436449599644196
"A0A1S3S808",-0.00435757374924778
"A0A1S3S5W3",0.00435430311171167
"A0A1S3RTF3",0.00434745025924594
"A0A1S3QST0",-0.0043368210021767
"A0A1S3LC88",-0.00432662016382971
"A0A1S3LBR5",-0.00432224049042285
"A0A1S3PFB8",-0.00431084808336557
"A0A1S3MNM7",0.00430925857569028
"A0A1S3L5A6",-0.00430434895080711
"A0A1S3LWN9",-0.00429841519832566
"A0A1S3PB84",0.00429685693189634
"A0A1S3N6W1",0.00429580132590135
"B5X7X3",-0.00428364457026583
"B5DGG0",-0.00427804561615027
"A0A1S3KM69",-0.00425024260144743
"A0A1S3R0U4",-0.00422879248458471
"A0A1S3MXV3",-0.00422143612906085
"A0A1S3RZ18",0.00421651530147658
"A0A1S3QGM2",0.00421038731182842
"A0A1S3LRB4",0.00420510255339249
"B5X283",0.00419562662659477
"C0HB90",-0.00418978959123571
"A0A1S3QCJ5",-0.00418607018307943
"A0A1S3NIV7",-0.00417751164190379
"A0A1S3QAJ0",-0.00417738898787607
"A0A1S3MSJ4",-0.00416417754024465
"B5X2A4",0.00415813366937288
"A0A1S3RIA3",-0.00415168502122415
"A0A1S3PNV9",0.0041503958796312
"B5XBJ8",0.00414492372021149
"A0A1S3Q5G0",-0.00414443055600211
"A0A1S3RXF4",-0.00413910390190934
"A0A1S3NJI4",-0.00413185872514296
"C0H9F4",0.00412480414623608
"A0A1S3QYD2",-0.00412044710460065
"A0A1S3MX36",0.00411691418864365
"A0A1S3SXD5",-0.00411499276824204
"A0A1S3N1U9",-0.00411102251588802
"B5X3F7",-0.00410925717890084
"C0HB93",-0.00410363864025144
"A7KE01",0.00410186645447852
"A0A1S3S603",-0.00409939633502856
"A0A1S3L047",-0.00409677418846805
"A0A1S3M1S0",-0.00409344175875234
"A0A1S3N7Y4",0.00408063942841486
"A0A1S3KLI1",-0.00407821107102126
"A0A1S3SWM1",0.00406736310574202
"A0A1S3KZ92",-0.00406343357288445
"A0A1S3KWU4",0.00406138801034761
"C0H7I8",-0.00405892473006555
"A0A1S3R1S1",0.00405317901352631
"B9ELK7",0.00404379812142891
"A0A1S3L7Q7",0.00404214379193375
"C0HBN0",0.00404149300499863
"A0A1S3MHY1",0.0040279958449591
"A0A1S3T1G5",0.00402661759232775
"P00761",-0.00401345977666879
"O73866",0.00400619749646593
"A0A1S3MSS4",-0.00400566819374668
"A0A1S3PFI1",0.00399265501891293
"A0A1S3SNH5",0.00398718398416445
"A0A1S3SZZ8",0.00398512748417469
"A0A1S3NBW8",0.00398020630577016
"B5XDV1",-0.00397100166259843
"B5X4Y3",-0.00395812092903712
"B5DGS1",-0.00395468809866711
"B5XFJ3",0.00395448131351594
"B5XG47",0.00394851108914627
"A0A1S3MB48",-0.0039481491844923
"A0A1S3RVS2",0.00394509728959102
"A0A1S3M8D5",0.00394471582652665
"A0A1S3S130",-0.00393814829135743
"A0A1S3S9X7",0.00393460369580258
"A0A1S3LFT6",-0.00392058530282855
"B5XDR9",-0.00391868426755698
"A0A1S3QDT2",-0.0039158451685366
"A0A1S3SDM0",0.00391257027346859
"B5X435",-0.00390610841080321
"B9ENR0",0.00390498652842228
"A0A1S3KZ47",-0.00389526322462653
"A0A1S3QT13",0.00389267643156648
"A0A1S3R060",-0.00389197680476175
"A0A1S3L8R5",0.00388184565804971
"A0A1S3L572",-0.00386998755272853
"A0A1S3N9Y0",0.00386694397593816
"C0H7E4",0.00385849539207983
"A0A1S3MBD7",0.00385365521050993
"A0A1S3PKW8",-0.00385324994632887
"A0A1S3SVJ4",-0.00385182292479537
"A0A1S3R4H0",0.00384905141777808
"B5X656",0.00382863174239154
"B5XBG4",-0.00382047833888398
"A0A1S3S0N2",-0.00381029158496965
"A0A1S3M8B9",0.0038095122981724
"B5X8W8",-0.00380881375360857
"A0A1S3MTC5",0.00380812586386916
"A0A1S3P6M5",-0.0038072437412593
"A0A1S3PFT2",-0.00380370144392901
"A0A1S3Q213",0.00380367922323094
"A0A1S3NVQ2",-0.0038032559940847
"A0A1S3L6C5",0.00380280545304144
"A0A1S3NJA5",-0.00379592388480246
"A0A1S3LNS8",0.00379531948807203
"A0A1S3L7Q2",0.00379413468966464
"B9EN38",-0.00379207575497067
"C0H9U9",-0.00378596329598934
"A0A1S3MWB9",0.00378038264084495
"C0H850",-0.00377969181417947
"A0A1S3MKZ4",0.00377667197855112
"A0A1S3LS99",-0.00377658120609262
"B5X3C3",0.00377467945926282
"A0A1S3Q6X3",-0.00377020065242929
"A0A1S3P123",0.0037700689830294
"A0A1S3KZ45",-0.00376606517987911
"B5X4P4",-0.00376396197133183
"A0A1S3M6H7",-0.00376087955452233
"B5X1E2",-0.00374692890331695
"A0A1S3N0H5",0.00374665496815386
"A0A1S3P5C7",-0.00372101898261015
"A0A1S3NR16",0.00370863465126358
"A0A1S3R1U4",0.0037079177363646
"A0A1S3M1F7",0.00370723937456335
"A0A1S3LTY4",-0.00369689766429912
"A0A1S3LLP0",-0.00368041625998144
"A0A1S3PNW8",0.00368010203421837
"A0A1S3Q9K0",0.00365867011075315
"A0A1S3SMN6",0.0036562426367797
"A0A1S3SP03",-0.00364966934175203
"A0A1S3PU66",-0.00364636351246882
"B5XFR1",0.00363861037282992
"A0A1S3NHA5",-0.00363271816465475
"A0A1S3T4W3",0.00363012681532218
"A0A1S3PTB8",0.00362699801019883
"A0A1S3NDA4",0.0036256465391247
"A0A1S3NJK0",-0.00362463413333025
"B9EN91",0.00362203940214723
"A0A1S3QJ82",-0.00361671800471505
"A0A1S3MBK4",0.00361580832033118
"A0A1S3QDB1",-0.00361252310289233
"B5DG53",0.00360912645304233
"A0A1S3PIZ1",0.00359844411288581
"A0A1S3NSW4",-0.00358785431504985
"A0A1S3N6V2",0.00358303486570346
"A0A1S3NW19",0.00357353690853274
"A0A1S3LTY0",-0.00356265424547114
"A0A1S3P0Q0",-0.00355985034278164
"A0A1S3LZG0",0.00355783301586486
"A0A1S3QXC7",-0.00355541398582442
"A0A1S3P2Y7",0.00355501741742515
"B5X9I6",0.00355005626843329
"A0A1S3NWM6",0.00354918631540774
"A0A1S3LTB5",-0.00354905997723443
"A0A1S3QQ91",-0.00354542662524191
"A0A1S3LTA9",-0.00353831023252876
"C0HBJ3",-0.00353193437872316
"A0A1S3KL83",-0.00353046252545639
"A0A1S3LQM8",0.00352160529297949
"A0A1S3P1K6",-0.00351292789168681
"A0A1S3RKG0",-0.00351233942937862
"A0A1S3NQY8",0.00349695161098914
"A0A1S3M1Z6",0.00349467031359751
"A0A1S3PJ65",-0.00348649483683068
"A0A1S3KIP6",-0.00347837968327068
"B5XAF3",0.00347195697581447
"A0A1S3LFS3",0.00347091278722573
"A0A1S3KV52",0.00346604172935801
"B5X6V2",-0.00346551800641097
"A0A1S3LMB4",-0.00346240218757342
"A0A1S3QF29",0.00342965930677108
"A0A1S3QLD8",0.00342472567561747
"A0A1S3QM65",0.00342273039747807
"A0A1S3LEM5",-0.00342119246573458
"A0A1S3PIV7",0.00342041009180529
"B5XA34",-0.00341991788197741
"A0A1S3M633",-0.00341899101642016
"A0A1S3RME5",0.00341233392833638
"A0A1S3QNX3",0.00340562903719638
"A0A1S3PSM0",-0.00340530937935192
"A0A1S3T041",-0.00339329301412272
"A0A1S3KVZ9",-0.00339128940567953
"B5XER6",0.00338340431614045
"A0A1S3KQ48",0.0033677718209811
"A0A1S3S5A4",0.00336351358024373
"A0A1S3PFJ6",-0.00335826909180847
"A0A1S3RGB1",0.00334614373569745
"A0A1S3M8R8",0.00334570271072659
"A0A1S3PY28",0.0033294408276459
"B5X622",-0.00332293394472549
"B5X3N0",0.0033159524671722
"A0A1S3N0I8",0.00330590990670815
"A0A1S3M705",0.00329259077628852
"A0A1S3KR70",-0.00328879351319812
"A0A1S3RCQ1",-0.00328424241051513
"A0A1S3QB59",0.00327836794139551
"A0A1S3LEG0",0.00327016133949973
"A0A1S3LNZ2",-0.00326695993921332
"A0A1S3RLN6",0.00326331149299385
"A0A1S3NMJ3",0.00326180056029021
"A0A1S3Q7I1",0.00326033860286415
"A0A1S3NTZ2",0.00325189301418417
"A0A1S3NA91",0.00324130601495189
"A0A1S3RYB5",0.00323171083273042
"A0A1S3NR97",-0.00320442291770785
"A0A1S3QXJ7",0.00320321121832004
"B5XDV4",-0.00320090805707553
"A0A1S3PGA9",-0.00319863200092248
"A0A1S3MAB2",0.00319588616625863
"A0A1S3T6A8",0.00319518642350035
"A0A1S3NYX6",0.00318736350416774
"A0A1S3NDA2",-0.00318449916806234
"A0A1S3KWA5",-0.00317678421415415
"A0A1S3T5U8",-0.00316872563087488
"A0A1S3MDZ5",-0.0031578709921632
"A0A1S3P5S1",-0.00315757496526077
"A0A1S3MV58",0.00315249239382079
"A0A1S3SFC7",0.0031494769577468
"A0A1S3NG64",0.00313624889078422
"C0H7U1",0.00313421983403729
"A0A1S3MQZ8",-0.00313119048042202
"A0A1S3RD32",-0.00312973590293795
"A0A1S3NN61",0.00311693437149113
"A0A1S3NMX8",0.00310895120213324
"A0A1S3QAZ0",-0.00310339468440053
"B5X3U2",-0.0031032843852912
"A0A1S3KJ37",0.00309836947881291
"C0HBG8",-0.00309801995406157
"B5X7W9",0.00309684806113081
"A0A1S3SY24",0.00308932756857092
"A0A1S3LHS6",0.00306792641294681
"A0A1S3QVP8",-0.00306588305161582
"A0A1S3MVQ2",0.00305648024388444
"A0A1S3PWP4",0.00305497718096048
"A0A1S3SBW9",-0.00304779191203575
"A0A1S3PI38",0.00303956532629157
"A0A1S3RDP4",-0.00303809017722962
"A0A1S3M8M8",0.00302014246554229
"A0A1S3NC88",-0.0030179353827391
"A0A1S3LQ09",0.00301005172623774
"A0A1S3R0S5",-0.00300994836235482
"A0A1S3PWH5",0.00300762541606629
"C0HA39",-0.00300629394017722
"A0A1S3LFV6",0.00300522980749936
"A0A1S3SZ03",0.00299731501799261
"A0A1S3Q7I2",0.00299665663127937
"A0A1S3SLQ2",0.00299652643302797
"A0A1S3S2Q0",-0.00298901317686218
"A0A1S3SAE4",-0.00297450739131912
"A0A1S3NVC7",-0.00297221581584606
"A0A1S3SH75",-0.00296825938627988
"B5X4E1",-0.00294579169205575
"A0A1S3L2T1",0.00293776718692871
"B5X5L8",0.00293496625270934
"A0A1S3LBR3",-0.00291694663955563
"A0A1S3RH76",-0.00291005243325998
"B5X7U2",0.00290929939505032
"A0A1S3Q5F3",-0.00290417198985668
"A0A1S3KKE9",-0.00290371770927328
"B5X4D9",0.00289778587914213
"A0A1S3RCL5",-0.00289586014948553
"A0A1S3S5F7",-0.00289536330615292
"A0A1S3LM19",0.00289234506296094
"B5X815",-0.00288725740467215
"A0A1S3PVN3",0.00288473364408654
"B5DGM7",-0.00288369947829311
"A0A1S3N047",0.00287151984125273
"A0A1S3LVM9",0.00286119320777188
"A0A1S3S2M1",-0.00284014357010886
"A0A1S3N2C3",-0.00283770376878518
"A0A1S3RFN6",0.00283406364619167
"A0A1S3KJQ7",0.00283249823210785
"A0A1S3NWU8",0.0028310801891698
"A0A1S3T4C5",-0.00282877160573147
"A0A1S3P5W9",0.00282730196175854
"B5XAG6",0.00281979534720961
"A0A1S3SII9",0.00279762400943946
"A0A1S3LF93",0.00279462630916929
"A0A1S3MMC1",-0.00278884577405843
"A0A1S3SNW1",0.00278801908246077
"A0A1S3M844",-0.00277751092714946
"A0A1S3QM99",-0.00277574737358657
"A0A1S3PI18",-0.00277570736839114
"A0A1S3S2I3",-0.00277182831472424
"A0A1S3MGJ4",-0.0027619926927582
"A0A1S3PMB4",0.002757778853238
"A0A1S3MXE5",-0.00275566409717798
"C0HA16",0.00275263918461412
"A0A1S3KUF9",0.00274886296209949
"A0A1S3RSC8",-0.00274763015739435
"A0A1S3KQT5",-0.00274633675948503
"A0A1S3RZI0",0.00273693856513913
"A0A1S3L594",-0.00273393509682034
"A0A1S3LF28",0.00273160990077553
"A0A1S3PW20",0.00272593210027888
"A0A1S3N6S5",-0.00272302498802386
"C0HBB6",0.00270737876846644
"B5XA65",-0.00270086188331816
"A0A1S3QZV0",-0.00269965773777905
"A0A1S3QBB3",0.00269955180401182
"A0A1S3T552",0.00269641474285823
"A0A1S3Q9N0",-0.00268852349182709
"A0A1S3LTS1",0.00268792077789818
"A0A1S3NRD8",0.00268511160335953
"A0A1S3R6Y8",-0.00268486573175651
"A0A1S3L6J3",-0.00268371411035013
"A0A1S3R9K2",0.00267945758015706
"B5X4R1",-0.0026765930095025
"A0A1S3PZ63",-0.00267587030582282
"A0A1S3RFK8",-0.0026735360921338
"A0A1S3ML50",-0.00265825136512946
"A0A1S3L5X5",0.00265754469676178
"A0A1S3M7C7",0.00265530391844801
"B5X1V6",-0.00265324725493
"A0A1S3LFY5",0.00265067305026071
"A0A1S3Q7B0",0.00263262376547178
"B5X5W8",0.00263176599987969
"A0A1S3SXX8",0.0026180829287538
"A0A1S3KMT9",0.00261391475661122
"A0A1S3QZ02",-0.00260826257753019
"A0A1S3R3X4",0.0026023271382044
"B5DFZ3",0.00260060638207396
"A0A1S3T0Q0",0.00259670692847178
"A0A1S3QBY3",-0.00259178190741084
"A0A1S3QGL8",-0.00259065207760557
"A0A1S3R983",-0.00258698117709046
"B5X291",0.00257960264045467
"Q9DE53",-0.00257748539304578
"A0A1S3NAU3",-0.00257106732089122
"A0A1S3R395",0.0025650960484616
"A0A1S3MUT7",-0.00255678030068565
"A0A1S3MLE6",0.002556041193532
"B5DFW8",0.00254186230868685
"A0A1S3M823",-0.0025405129919748
"A0A1S3NL72",-0.00253670467081611
"A0A1S3M3W9",-0.00253554886768469
"A0A1S3PRY0",-0.00253249027099956
"B5X2T3",0.00253170192177961
"Q8HX44",-0.00252258608284956
"A0A1S3KLS0",-0.00251660680210444
"A0A1S3R0V0",-0.00250503595438626
"A0A1S3NZG5",0.00250420383188501
"A0A1S3NUY5",-0.00248399109997729
"A0A1S3PZB2",-0.00247442041758163
"B9EN73",-0.00247201375184494
"A0A1S3M4G8",-0.00246538664364578
"A0A1S3LPN4",-0.00245938604671213
"A0A1S3QUQ2",-0.00244778888532311
"A0A1S3S6G4",-0.0024461029285957
"A0A1S3SRM6",0.00244427591579984
"A0A1S3RYV3",-0.00244040300069858
"B5X3C6",-0.00243438066898826
"C0H943",-0.00241096863384718
"A0A1S3RJS2",0.00241030379014261
"B5XDJ7",0.00240715964906006
"A0A1S3LII4",-0.00239833583407193
"A0A1S3MRB6",0.00238373330285345
"B5DGH1",-0.00238349974800103
"A0A1S3NEX3",0.00237530225518257
"B9ELE8",-0.00237149293619742
"A0A1S3N486",0.00236756836655291
"A0A1S3P3C8",-0.00236530187231889
"A0A1S3LFC9",-0.00236220188724462
"A0A1S3Q2T3",0.00235161838480605
"B5XBC8",0.00232531220133689
"A0A1S3QGL6",0.0023004517788059
"A0A1S3SS72",0.00229897400604365
"A0A1S3T689",-0.00229607436725549
"A0A1S3QK47",-0.00229343815824393
"B5DGU5",0.00229131852019823
"A0A1S3M8V0",-0.00228801632409774
"A0A1S3R3G4",-0.00228781138019755
"P04264",0.00228305494748338
"A0A1S3N4A6",0.00227813597504504
"A0A1S3N4N8",0.00227582038779888
"A0A1S3LAD7",-0.00227183980314876
"A0A1S3MQ74",0.00226413196004811
"A0A1S3R078",0.00224857645426022
"A0A1S3LD57",-0.00224110870063639
"C0H8M3",0.00223853813989143
"A0A1S3LC58",0.0022380616671652
"A0A1S3PBG4",0.00222622683932367
"A0A1S3QFP9",-0.00220910008486626
"A0A1S3MKH5",0.00220405323022578
"A0A1S3MIM3",0.00219335789342212
"A0A1S3PMM1",-0.00217571568369692
"A0A1S3MLP2",-0.00216519104426815
"A0A1S3L6J2",-0.0021533549250434
"B5X3I8",0.00214512905420874
"A0A1S3KJQ3",-0.00213845930583596
"B5X9J1",-0.00213028542805169
"A0A1S3PQP1",-0.00212454194123608
"A0A1S3PSI5",-0.00211066577087214
"A0A1S3SGX2",0.00211008867968947
"A0A1S3MLN4",0.00210977037578809
"A0A1S3M0T3",-0.00210517184554578
"A0A1S3RH74",0.00210241744817116
"A0A1S3QZA1",0.00210189076160908
"A0A1S3MZH7",0.0020929199047334
"A0A1S3QC23",-0.00208617752920994
"A0A1S3QXS3",0.00208585467489231
"P13645",0.00207640452479185
"A0A1S3RFY6",-0.00207151765259989
"A0A1S3NR42",-0.00206792393405697
"A0A1S3R7X5",-0.00205730061875329
"B5X1N1",-0.00205450938047074
"A0A1S3PTS8",-0.002042427410236
"B5XGM0",-0.00203559855949371
"C0HBG7",-0.00201588394523217
"B5X9X0",0.00201576691406459
"A0A1S3PY36",-0.00200888309110033
"A0A1S3ND83",-0.00200226033058842
"A0A1S3PMU3",0.00196327830095042
"A0A1S3M229",-0.00196263054539302
"A0A1S3L929",0.00195156400765072
"A0A1S3M1I4",0.00194138348320864
"C0H8S3",-0.00194120046631616
"A0A1S3S8H0",-0.00193515728739372
"A0A1S3PF27",-0.00191886849794651
"A0A1S3MZ12",-0.00191851106268322
"A0A1S3PVX4",-0.00191812372753385
"A0A1S3RRS5",0.00189154002581278
"A7KII6",-0.00189132591166325
"A0A1S3SVN7",0.00188392915363267
"A0A1S3PJR4",0.00188182856920124
"A0A1S3SDR6",0.00187695278802932
"A0A1S3Q6M0",0.00186571840837591
"B5DG69",-0.00186391937832258
"A0A1S3Q6G0",-0.00186249484701868
"A0A1S3RL69",-0.00185516542076415
"B5XBR9",0.00185377112840214
"B5X5X3",-0.0018434434377041
"A0A1S3M197",0.00183361144345441
"A0A1S3PK00",0.00182785778874288
"A0A1S3R939",0.00182097290737569
"A0A1S3LVS8",-0.00181748831644231
"A0A1S3S4P5",0.00181043291944397
"A0A1S3LVK3",-0.00180507720488502
"A0A1S3PTW2",0.00179148975600922
"A0A1S3MIT3",0.00177679103445162
"B5X9X7",-0.00177408063722529
"A0A1S3T632",-0.0017684386201219
"A0A1S3KNF9",0.00176672001714739
"A0A1S3NIL1",-0.00176147084481702
"B5X6H1",-0.00175336501830453
"A0A1S3RYW9",0.00174051496779411
"C0HBM1",-0.00173897896029412
"A0A1S3PBT8",-0.00173642870966857
"A0A1S3LMA2",-0.00172811176280763
"A0A1S3PGC3",0.00172682638969252
"A0A1S3P1C2",-0.00170949579258001
"A0A1S3T554",-0.00170836407589445
"A0A1S3KWH3",-0.0017040452926044
"A0A1S3SF89",0.00169278584970686
"A0A1S3PLS6",0.00168647501698634
"B5X6F0",0.00168549933037627
"A0A1S3L445",-0.00168073200857476
"A0A1S3L2E5",0.00167794737535109
"A0A1S3LJX9",0.00167355124395138
"A0A1S3RIX3",-0.00167303365709431
"A0A1S3KMW4",0.001670466981113
"A0A1S3N978",0.00166993366857371
"A0A1S3QLU7",0.00166124228477573
"A0A1S3SM10",-0.00165754553057779
"A0A1S3S5F0",-0.0016574241363025
"B5XAG0",0.00165601234244336
"A0A1S3NIX5",-0.00165238751049091
"A0A1S3R7G7",0.00164760331783945
"B5X2F4",-0.00164360316028024
"A0A1S3PE40",0.00164341105047572
"C0HBK6",0.00164140374542552
"A0A1S3LHE4",-0.00162221631648781
"A0A1S3QXK6",0.00162146374410835
"A0A1S3R8P5",-0.0016212694849243
"A0A1S3NE54",0.00161528062788332
"B5XDB4",0.0015964972982726
"A0A1S3RXS2",-0.00159494483119919
"A0A1S3NSP6",0.00158809088051036
"A0A1S3LZC9",-0.00158357142040052
"A0A1S3NZ43",-0.00158347861919813
"A0A1S3SQ33",-0.00156883713984985
"A0A1S3RSZ1",-0.00156837564916649
"A0A1S3L845",-0.00155559334284786
"A0A1S3NCS4",-0.0015521864826403
"A0A1S3L1A8",0.00155175493838758
"B5XGK3",0.00154967314303169
"A0A1S3RJ76",-0.00153880127526429
"A0A1S3S9S3",0.00153227731402834
"A0A1S3PJ46",0.00153113362509368
"B9EPT9",0.00151844589348108
"A0A1S3SJF0",0.001511156321879
"A0A1S3RNQ5",0.00150858441332303
"A0A1S3KRB8",-0.00150736860500948
"A0A1S3RTG2",0.00147394874751801
"A0A1S3PBB7",0.0014737576893664
"A0A1S3NQ43",-0.00146199877219941
"A0A1S3L6H2",0.0014591379137376
"A0A1S3RH77",-0.00143824469580343
"A0A1S3S301",-0.00143581031788383
"A0A1S3L1T4",0.00143570810365722
"A0A1S3RKK6",0.00143531745388981
"B5X4G3",-0.00143493085813794
"A0A1S3LXV6",0.00142658738214181
"A0A1S3NZ74",0.00142188228180048
"A0A1S3L971",-0.00142097909366852
"A0A1S3KLQ6",-0.00141305237509957
"A0A1S3RNU3",0.00140131938063663
"A0A1S3LJL6",0.0013993456685789
"A0A1S3N3S7",-0.00139690695978188
"B9ELF3",-0.00139621622552856
"A0A1S3RQB1",-0.00139304396725603
"B5X304",0.00139225672653854
"A0A1S3S8B5",0.0013895653310828
"B5X3K9",0.00138711728364118
"A0A1S3SZ85",-0.00137697631919943
"A0A1S3LJL1",0.00137300590080385
"A0A1S3SPI3",-0.00136045256562779
"A0A1S3NBC6",0.00135231949188611
"A0A1S3NH64",0.00135189601871619
"A0A1S3SUZ0",-0.00133163360810392
"A0A1S3N1Q3",0.00132905762143538
"A0A1S3P0L3",0.00132871725451344
"A0A1S3NY85",-0.00132171316117963
"A0A1S3M973",-0.00131921567565777
"A0A1S3S4R6",0.00130662877299399
"B5DGP8",0.00129890141756874
"B5X3W7",-0.00129784906368698
"A0A1S3T1P0",0.00128552036412662
"A0A1S3QR16",0.0012811945289435
"B5X4I2",0.0012751808550641
"C0H900",-0.00127190427260103
"B5XH75",-0.00126795258974483
"B5XGN8",0.00126026445962805
"A0A1S3PQV6",0.00125714570659563
"A0A1S3NYD9",0.00125570902950811
"B5X1H7",-0.00124144901551239
"A0A1S3S855",0.00123706962483712
"A0A1S3M0S3",-0.00123614548523897
"B9EL90",0.00123346988314198
"B5X8F1",-0.00122604510948931
"A0A1S3RT03",-0.00121849729864366
"A0A1S3MQD4",0.00121240501259412
"A0A1S3SZY3",0.00120663854021208
"A0A1S3LFB5",0.00120185701477599
"B5X5R0",0.00120089154302381
"A0A1S3SG78",0.00119916881938964
"B5X7F1",-0.00119591279525045
"A0A1S3KTK8",-0.00118689995348577
"A0A1S3QW80",-0.00118448412539785
"B5XEZ9",0.00118211088874327
"A0A1S3NJR4",0.00117431004483086
"A0A1S3MTB0",0.00117302746892898
"A0A1S3LDG8",0.00116551198809065
"A0A1S3SLE7",0.00116474250335626
"A0A1S3LAL8",-0.00115860663478146
"A0A1S3L517",0.00115271657013506
"A0A1S3S155",0.00114760658768156
"A0A1S3LTG4",0.00114459618457605
"A0A1S3MW22",0.00112820161899978
"A0A1S3N5C1",-0.00111728489602966
"B5XBG5",0.00111626139924189
"A0A1S3MWW1",-0.00111441393423881
"A0A1S3PRI0",0.00110211837588389
"A0A1S3LYJ7",0.00110135843021198
"A0A1S3KPF0",-0.00109384835602369
"A0A1S3L4C5",0.00108756365932873
"A0A1S3M0N8",-0.00108332437254976
"B9EPQ0",0.00108203584952443
"A0A1S3L6B8",-0.00108092053760971
"A0A1S3NQM4",0.00107631543227404
"A0A1S3L2B1",-0.00106476251383799
"A0A1S3NMP9",0.00106473395563666
"A0A1S3PMF1",-0.0010622702479438
"M4V2E4",-0.00106156163899985
"A0A1S3L5J9",-0.00106118719901082
"B5X671",0.00105372873885562
"A0A1S3S0V0",0.00105036827066243
"A0A1S3N2G6",-0.00103868970816676
"A0A1S3KZK5",0.00103720960769318
"A0A1S3KS38",0.00103433021945932
"A0A1S3QIJ3",0.00102764338830803
"A0A1S3QR09",-0.00101705632751238
"A0A1S3L727",-0.00101536748816069
"A0A1S3T0U2",-0.000991014304133892
"A0A1S3QJQ8",0.000975917168807673
"B5X4I9",0.000962320452350714
"B9ELJ4",0.000957237341654895
"B5X0R0",-0.000941529684891855
"A0A1S3RS25",0.00093380678431778
"A0A1S3KWH2",0.000931066833938272
"A0A1S3PZ00",0.000922804141961976
"A0A1S3NWY8",0.000918635367751943
"A0A1S3L2S7",0.000915484956045912
"A0A1S3S0N1",-0.000908595761419483
"B5XFP1",-0.00090749926651438
"A0A1S3S6T4",0.000903508866815596
"C0HAG5",0.000899290817419928
"B5X159",-0.000898587565815179
"A0A1S3QNM4",-0.000895328508367314
"A0A1S3KZ50",0.000893696727228069
"A0A1S3M7K5",0.000885203372403358
"A0A1S3LZC2",-0.000884389436035114
"A0A1S3M3A3",0.000882648440039872
"A0A1S3R8I5",-0.000880392201737288
"A0A1S3T528",0.000877713323820351
"A0A1S3LLL4",0.000867192187233941
"B9EPN0",-0.000867059210507127
"A0A1S3L5B9",-0.000866653628080257
"A0A1S3M1H1",-0.000849044373532774
"C0HB02",-0.000842615791046121
"B9ENB0",0.000838436815875178
"A0A1S3NLC1",0.000829531556093907
"P35908",0.000814674926040344
"A0A1S3MGF6",0.000810130913810895
"A0A1S3MGW8",0.000810017006435415
"A0A1S3Q7N2",-0.000807088897344512
"A0A1S3SYB2",0.000800022914284402
"A0A1S3S5F3",-0.000779938743101967
"A0A1S3PG59",-0.000773712313939794
"A0A1S3KX81",0.000772713383320797
"A0A1S3N729",-0.000766431956702023
"A0A1S3L7X4",0.000757618070930072
"A0A1S3ND18",0.000748047691791426
"A0A1S3PQ40",0.000744153959605591
"A0A1S3M1A5",0.000741263000690084
"A0A1S3Q6W9",0.000733502517683656
"C0H917",-0.000723198508086031
"A0A1S3Q6X0",-0.000723113835985007
"A0A1S3PR32",0.000722695098851337
"B5DGN4",-0.000717725589461103
"A0A1S3MN05",-0.000710090511758427
"A0A1S3S7W7",-0.00070937576057114
"A0A1S3KTN5",-0.000708109026579841
"B5X8G9",0.000698599453715142
"A0A1S3MFW5",-0.000697656507646112
"A0A1S3RQM7",0.000693235219733702
"A0A1S3N2D7",0.000684862607130936
"A0A1S3QL69",-0.0006800175692301
"B5X370",-0.000679609263313423
"A0A1S3RNS0",0.000658444628248582
"A0A1S3M8U4",-0.000647084373866549
"A0A1S3SCL6",0.00064006358803374
"B5DH21",0.000639694791108087
"B5X5W4",-0.000634642228796533
"C0HAS8",0.000634128919056999
"A0A1S3N0R1",0.000624914504444812
"C0HB26",0.000621970445823524
"A0A1S3Q515",-0.000620028945722644
"A0A1S3S3S7",-0.000619486745376793
"B9EQ96",-0.000614112304542098
"A0A1S3ST12",-0.000613197862638665
"A0A1S3LMM5",0.000612292278770152
"A0A1S3QWL9",-0.000611088453373302
"A0A1S3LC55",-0.000609382323620749
"A0A1S3NG45",-0.000609305463078665
"A0A1S3P609",0.000608446768789794
"A0A1S3NCH1",-0.000604629869187608
"A0A1S3LAP0",-0.000599323988532383
"A0A1S3KZL8",0.00058552927141971
"A0A1S3NDU2",-0.000585173622205385
"B5X598",0.000581424442536493
"A0A1S3L1X8",-0.000573894392584437
"A0A1S3NP85",-0.000569976477589772
"A0A1S3P5D9",0.000548401151407641
"B5XD04",0.000543423323888254
"A0A1S3RPQ7",-0.000540627661588631
"A0A1S3RKD8",0.000531817821480292
"A0A1S3ML18",-0.000531730923326313
"A0A1S3M7G8",-0.000528365286593188
"A0A1S3LTS5",0.000525830793117288
"C0H912",0.000521679559667905
"A0A1S3PCZ2",0.000506550634706732
"A0A1S3QCX4",0.000506396764409165
"B5X8D2",0.000504650625251805
"A0A1S3N926",0.000503680229639804
"Q91483",-0.000498297667773964
"A0A1S3R0D4",-0.000487808205724417
"A0A1S3RXT3",-0.000483137546657257
"A0A1S3R303",-0.000473428317143678
"A0A1S3MG52",-0.000467705334873873
"A0A1S3S917",0.00046693162091971
"A0A1S3S1T9",-0.000461958513274825
"A0A1S3KHW8",-0.000461148816041473
"A0A1S3L6N2",-0.000458737763241369
"A0A1S3P1I0",0.000433185563142064
"A0A1S3P5B7",-0.000432839617098494
"A0A1S3L6P8",-0.000429606709519556
"Q7ZYV6",-0.000428862697730617
"A0A1S3LZJ4",-0.00042590200938555
"B5DFU3",0.000425294008952413
"A0A1S3QKB8",-0.000421538652996244
"A0A1S3T028",-0.000414748051848236
"A0A1S3N0K4",0.000406167594370384
"A0A1S3T348",0.000404342899250193
"A0A1S3REH6",0.000401352109941042
"O57560",0.000396285680203594
"A0A1S3S1Q0",0.000394412865538811
"A0A1S3PKC5",-0.000387855149298192
"A0A1S3MU90",-0.00038483948074723
"A0A1S3ME87",-0.000383623707978624
"A0A1S3RAE7",0.000380665403871392
"A0A1S3LNT6",-0.000356801325646846
"B5X229",0.000354014615357317
"A0A1S3L7B6",0.000350755277819408
"A0A1S3KXX6",0.000346652754759732
"A7KII5",0.00033543202728103
"A0A1S3M5V7",0.000324172135129686
"A0A1S3PEZ0",-0.000306748135159846
"A0A1S3MIR0",-0.000299800319780042
"A0A1S3QCC2",-0.000291364873437272
"A0A1S3LVS7",0.000279033057281271
"A0A1S3M3I7",0.000275949209546304
"A0A1S3MMV4",-0.000259375464362384
"A0A1S3N022",-0.000248699694693248
"A0A1S3PGA7",0.000248285995299776
"C0H993",0.000244845031983618
"A0A1S3NBH6",-0.000242674647148217
"A0A1S3M4X1",-0.000242573590507857
"A0A1S3RQC8",0.00023983829507099
"A0A1S3SRA3",-0.000236782403078102
"A0A1S3NEN6",0.000229913905382509
"A0A1S3NCC4",-0.000227860555188568
"A0A1S3SC33",-0.000225583140286543
"A0A1S3N213",0.000218986749187866
"A0A1S3Q7A6",0.000218075055407531
"B5X888",-0.000208087452822579
"A0A1S3R5X8",0.000200657230438345
"A0A1S3KKC8",-0.000196487518154234
"A0A1S3QQB4",0.000195412204162389
"A0A1S3NR96",-0.000184705135542755
"A0A1S3Q7D2",0.000169782955596422
"A0A1S3SVS5",-0.000157287453306446
"A7KDZ9",0.000148456026592281
"A0A1S3SA94",-0.000140862142198694
"A0A1S3M134",-0.000140136248388635
"A0A1S3R082",0.000138411225300276
"A0A1S3SI09",0.000126337247000088
"A0A1S3LZ10",9.23792777453987e-05
"B5XGK1",-9.05458387522509e-05
"A0A1S3M1Z1",8.69430921755901e-05
"A0A1S3SEB1",7.1914819293209e-05
"A0A1S3QGD7",6.82050992167192e-05
"A0A1S3M078",-5.73506581114551e-05
"A0A1S3Q790",5.4925012214384e-05
"A0A1S3S7U1",-5.23733870195968e-05
"A0A1S3L7F1",4.99475629294489e-05
"A0A1S3Q5M2",-4.53934939633879e-05
"A0A1S3N2N0",-4.45984042156809e-05
"B9EMV1",3.44886562948319e-05
"A0A1S3LZ91",-2.37701018695374e-05
"A0A1S3MLV0",-2.28629663000338e-05
"A0A1S3RVS0",1.27255659842238e-05
"A0A1S3SYW4",-1.25850748516459e-05
"A0A1S3LZU0",-4.25034494318407e-06
